Timestamp,RequestName,Total,OK,KO,KO_Percent,Reqs_Per_Sec,Min,p50,p75,p95,p99,Max,Mean,StdDev
2025-08-02T13:15:22.1718,"Login",13877,13877,-,0,1.22,5,153,523,1589,3416,9587,421,652
2025-08-02T13:15:22.1718,"Get locations",15691,15691,-,0,1.38,31,499,814,2070,3039,8374,653,647
2025-08-02T13:15:22.1718,"Select Location",13877,13877,-,0,1.22,2,82,412,1640,2893,7296,346,601
2025-08-02T13:15:22.1718,"Get Address Template",17185,17185,-,0,1.51,1,30,90,836,3530,5715,136,318
2025-08-02T13:15:22.1718,"Get Relationship Types",17185,17185,-,0,1.51,2,63,187,891,2310,5319,211,404
2025-08-02T13:15:22.1718,"Get Appointments for Specific Date",13877,13877,-,0,1.22,12,463,1014,2619,4199,8320,740,867
2025-08-02T13:15:22.1718,"Get Module Information",18763,18763,-,0,1.65,1,36,109,829,1096,6191,136,298
2025-08-02T13:15:22.1718,"Get Patient Identifier Types",17185,17185,-,0,1.51,3,86,241,1051,2086,5604,234,406
2025-08-02T13:15:22.1718,"Get Primary Identifier Term Mapping",29758,29758,-,0,2.61,3,90,312,1207,3969,8089,286,490
2025-08-02T13:15:22.1718,"Get Identifier Source",31062,31062,-,0,2.72,3,97,329,1198,2703,6927,298,499
2025-08-02T13:15:22.1718,"Get Locations by Tag and Query",19094,19094,-,0,1.67,4,127,412,1415,3970,7943,349,566
2025-08-02T13:15:22.1718,"Get Visits",14430,14430,-,0,1.27,9,5055,9894,17163,21735,32927,6212,5724
2025-08-02T13:15:22.1718,"Get Auto Generation Options",17185,17185,-,0,1.51,7,265,801,2385,3863,12734,608,858
2025-08-02T13:15:22.1718,"Get Queue Entry",16683,16683,-,0,1.46,6,250,1204,4199,9428,21086,997,1754
2025-08-02T13:15:22.1718,"Get Visit Types",6795,6795,-,0,0.6,2,47,169,887,2191,3695,184,351
2025-08-02T13:15:22.1718,"Get Current Visit of Patient",12703,12703,-,0,1.11,47,4726,11726,26778,39740,62066,7981,8954
2025-08-02T13:15:22.1718,"Get Visits of Patient",13563,13563,-,0,1.19,37,2142,4346,8651,12133,21629,2935,2843
2025-08-02T13:15:22.1718,"Get Program Enrollments of Patient",8822,8822,-,0,0.77,4,317,637,1801,2316,6946,482,588
2025-08-02T13:15:22.1718,"Get Visit Queue Entry",13306,13306,-,0,1.17,7,181,421,1356,3244,6745,367,525
2025-08-02T13:15:22.1718,"Get Appointments of a Patient",7102,7102,-,0,0.62,2,46,229,1059,3164,5239,220,421
2025-08-02T13:15:22.1718,"Get Patient Summary Data",14524,14524,-,0,1.27,6,162,340,1317,4920,7829,309,452
2025-08-02T13:15:22.1718,"Get Active Visits of Patient",131406,131406,-,0,11.53,4,100,310,1355,1680,8747,283,475
2025-08-02T13:15:22.1718,"Get isVisitsEnabled",9684,9684,-,0,0.85,2,59,258,1321,4190,6183,245,462
2025-08-02T13:15:22.1718,"Get the status of patient death",122706,122706,-,0,10.76,3,80,214,1147,1321,9304,207,370
2025-08-02T13:15:22.1718,"Get all the constraints on the vital concepts",9684,9684,-,0,0.85,4,102,342,1311,2371,5801,287,472
2025-08-02T13:15:22.1718,"Get Patient Observations",29296,29296,-,0,2.57,1,1289,5485,15011,22319,36160,3719,5107
2025-08-02T13:15:22.1718,"Get Patient Conditions",11042,11042,-,0,0.97,1,991,3677,10032,15950,30149,2577,3569
2025-08-02T13:15:22.1718,"Get Active Orders",9322,9322,-,0,0.82,6,592,1667,5040,8277,20004,1258,1720
2025-08-02T13:15:22.1718,"Get Admission Location Info",1908,1908,-,0,0.17,6,119,378,1606,2514,6319,331,560
2025-08-02T13:15:22.1718,"Get Admission Info",1908,1908,-,0,0.17,26,725,1605,3629,7082,17750,1184,1512
2025-08-02T13:15:22.1718,"Get Inpatient Request",1908,1908,-,0,0.17,14,603,3022,46932,66592,90397,7007,15392
2025-08-02T13:15:22.1718,"Get Patients",2258,2256,2,0.09,0.2,26,18775,46596,63658,71479,89076,24684,23065
2025-08-02T13:15:22.1718,"Submit Visit Form",6242,6242,-,0,0.55,11,356,897,2428,3568,8555,649,820
2025-08-02T13:15:22.1718,"Get Locations That Support Visits",2811,2811,-,0,0.25,5,99,306,1168,3608,6339,273,457
2025-08-02T13:15:22.1718,"Get Beds for Patient",1908,1908,-,0,0.17,4,119,299,1230,1843,4800,266,424
2025-08-02T13:15:22.1718,"Save Ward Encounter",4770,4770,-,0,0.42,13,588,1876,5599,8847,17011,1439,2037
2025-08-02T13:15:22.1718,"Get Order Types",1546,1546,-,0,0.14,2,67,207,1000,1732,5010,212,398
2025-08-02T13:15:22.1718,"Save Vitals",2030,2030,-,0,0.18,83,3652,7565,14567,20001,27442,5016,4731
2025-08-02T13:15:22.1718,"Get Vitals concept reference ranges",1908,1908,-,0,0.17,40,1121,1926,4435,6525,10167,1411,1412
2025-08-02T13:15:22.1718,"Get Specific Visit Details",7786,7786,-,0,0.68,7,252,596,1807,2442,7749,471,630
2025-08-02T13:15:22.1718,"Get Transfer Locations configuration data",1908,1908,-,0,0.17,51,2165,6200,13477,17819,28709,3816,4422
2025-08-02T13:15:22.1718,"Get Transferable locations",1908,1908,-,0,0.17,31,609,935,1921,2954,4892,701,594
2025-08-02T13:15:22.1718,"Search for Drug",3092,3092,-,0,0.27,2,49,218,1416,1655,5095,222,429
2025-08-02T13:15:22.1718,"Save Drug Order",1546,1546,-,0,0.14,37,1391,2885,6274,8956,15701,1995,2118
2025-08-02T13:15:22.1718,"Get Allergies of Patient",2030,2030,-,0,0.18,2,443,1352,4059,6527,9995,995,1365
2025-08-02T13:15:22.1718,"Get Drug Allergens",2030,2030,-,0,0.18,54,1463,1856,2853,3991,6322,1412,864
2025-08-02T13:15:22.1718,"Get Environment Allergens",2030,2030,-,0,0.18,30,832,1158,2102,3343,5722,892,658
2025-08-02T13:15:22.1718,"Get Food Allergens",2030,2030,-,0,0.18,13,328,576,1547,2820,4581,478,529
2025-08-02T13:15:22.1718,"Get Allergic Reactions Allergens",2030,2030,-,0,0.18,15,415,666,1516,2903,5685,533,529
2025-08-02T13:15:22.1718,"Get all patient lists",9188,9188,-,0,0.81,6,897,1446,2643,3827,7882,1005,872
2025-08-02T13:15:22.1718,"Get the details of a orderType",1578,1578,-,0,0.14,2,79,301,1104,2522,5559,259,477
2025-08-02T13:15:22.1718,"Get All Appointment Services(full)",1659,1659,-,0,0.15,3,51,161,1134,1321,4765,186,367
2025-08-02T13:15:22.1718,"Get all Lab order details",1578,1578,-,0,0.14,12,334,550,1402,1926,4439,443,442
2025-08-02T13:15:22.1718,"Get all appointments for a specific day",1106,1106,-,0,0.1,4,36,65,839,1214,2393,119,271
2025-08-02T13:15:22.1718,"Get all appointment summaries",1106,1106,-,0,0.1,13,298,619,1752,3158,6019,517,685
2025-08-02T13:15:22.1718,"Get Person Attribute Type",3308,3308,-,0,0.29,2,76,235,1129,2185,4529,234,405
2025-08-02T13:15:22.1718,"Add a lab order",1578,1578,-,0,0.14,23,934,2182,4514,6334,10088,1435,1529
2025-08-02T13:15:22.1718,"Get Orders of admitted patient by Activated Date",5247,5247,-,0,0.46,5,228,472,1495,3387,9281,417,604
2025-08-02T13:15:22.1718,"Get Appointment By Status",4424,4424,-,0,0.39,4,47,280,1861,2619,8342,314,675
2025-08-02T13:15:22.1718,"Get Ordered Address Hierarchy Levels",3308,3308,-,0,0.29,1,18,33,496,2455,3690,74,209
2025-08-02T13:15:22.1718,"Get all default appointment services",1106,1106,-,0,0.1,2,52,175,915,2648,5602,190,400
2025-08-02T13:15:22.1718,"Get all visits of the given location with date",1106,1106,-,0,0.1,20,6901,13006,20107,25884,33416,8117,6792
2025-08-02T13:15:22.1718,"Get All Form Encounters",860,860,-,0,0.08,15,1080,1858,3402,5493,7133,1325,1142
2025-08-02T13:15:22.1718,"Get All Forms",860,860,-,0,0.08,9,524,1309,3232,4775,9129,931,1097
2025-08-02T13:15:22.1718,"Get medication request encounters",4638,4638,-,0,0.41,80,12204,27141,49622,65994,98951,16865,16729
2025-08-02T13:15:22.1718,"Get patient age",30912,30912,-,0,2.71,3,155,322,1088,2241,6802,288,407
2025-08-02T13:15:22.1718,"Get patient identification photo",114930,114930,-,0,10.08,4,118,351,1174,2739,10295,307,506
2025-08-02T13:15:22.1718,"Get Person Attributes",1492,1492,-,0,0.13,3,137,295,1040,2062,3699,264,385
2025-08-02T13:15:22.1718,"Get Patient Identifiers",1492,1492,-,0,0.13,5,164,398,1189,2160,3721,333,471
2025-08-02T13:15:22.1718,"Get Relationships of Person",1492,1492,-,0,0.13,4,164,384,1312,2633,4446,337,482
2025-08-02T13:15:22.1718,"Create a patient list",2297,2297,-,0,0.2,11,338,814,2100,3806,9942,616,764
2025-08-02T13:15:22.1718,"Get All Providers",3645,3645,-,0,0.32,4,209,718,2592,3649,7048,555,830
2025-08-02T13:15:22.1718,"Get queue entry number",751,751,-,0,0.07,1,12,26,362,1315,2653,64,218
2025-08-02T13:15:22.1718,"Submit visit queue entry",751,751,-,0,0.07,28,597,1524,3889,6382,9222,1116,1393
2025-08-02T13:15:22.1718,"Get Patient Allergy Intolerance",1546,1546,-,0,0.14,1,348,1218,3762,6022,10870,901,1306
2025-08-02T13:15:22.1718,"Get Specific Medication Requests",6184,6184,-,0,0.54,38,1404,3459,8081,12254,24429,2393,2744
2025-08-02T13:15:22.1718,"Get Encounter With Visit and Diagnoses",1546,1546,-,0,0.14,9,201,417,1465,2511,3935,361,496
2025-08-02T13:15:22.1718,"Save an Allergy",2030,2030,-,0,0.18,16,539,1182,2837,4142,7737,870,993
2025-08-02T13:15:22.1718,"Get all active Lab orders",4734,4734,-,0,0.42,5,1767,5157,10780,15286,23094,3188,3691
2025-08-02T13:15:22.1718,"Get Lab Orders by full filler status",14202,14202,-,0,1.25,4,730,4899,26966,37263,53528,5198,8962
2025-08-02T13:15:22.1718,"Get Clinical Form by UUID",860,860,-,0,0.08,8,208,475,1366,2640,4064,384,490
2025-08-02T13:15:22.1718,"Get Encounter Roles",860,860,-,0,0.08,2,55,217,986,1729,6365,219,431
2025-08-02T13:15:22.1718,"Get Latest FHIR Encounter",860,860,-,0,0.08,11,346,813,2259,3699,6016,631,765
2025-08-02T13:15:22.1718,"Get Encounter By UUID",860,860,-,0,0.08,13,404,839,1943,3056,5195,624,669
2025-08-02T13:15:22.1718,"Get Locations Search Set",954,954,-,0,0.08,6,96,339,1314,1908,3311,293,458
2025-08-02T13:15:22.1718,"Change the session location",954,954,-,0,0.08,4,103,490,2070,3444,6539,403,702
2025-08-02T13:15:22.1718,"Get patient list details",2297,2297,-,0,0.2,6,150,446,1514,2474,6257,374,544
2025-08-02T13:15:22.1718,"Fetch members of patient list",2297,2297,-,0,0.2,3,85,343,1344,2408,6562,304,524
2025-08-02T13:15:22.1718,"Get service concept set",751,751,-,0,0.07,2,46,181,1063,2203,4249,211,427
2025-08-02T13:15:22.1718,"Get Concept",52725,52725,-,0,4.62,6,297,594,1613,2589,11235,477,552
2025-08-02T13:15:22.1718,"Submit new Service queue",751,751,-,0,0.07,11,240,825,2923,4604,5785,636,949
2025-08-02T13:15:22.1718,"Get Order Entry Config",1546,1546,-,0,0.14,22,731,1242,2787,4509,6520,932,925
2025-08-02T13:15:22.1718,"Get ValueSet by UUID",4638,4638,-,0,0.41,14,430,902,2504,3562,7897,693,827
2025-08-02T13:15:22.1718,"Get Medication Request by UUID",4638,4638,-,0,0.41,32,908,2167,4465,7238,11815,1416,1550
2025-08-02T13:15:22.1718,"Get Medication by UUID",1546,1546,-,0,0.14,2,32,104,739,1782,2742,145,326
2025-08-02T13:15:22.1718,"Search Medication by Code",1546,1546,-,0,0.14,6,77,182,966,2773,5124,212,402
2025-08-02T13:15:22.1718,"Edit patient details",1492,1492,-,0,0.13,24,763,1364,3049,4634,8342,1015,1018
2025-08-02T13:15:22.1718,"Check Appointment Conflicts",553,553,-,0,0.05,7,187,519,1541,3126,5798,405,599
2025-08-02T13:15:22.1718,"Create Appointment",553,553,-,0,0.05,14,363,622,1511,2222,4224,482,507
2025-08-02T13:15:22.1718,"Get patient admission note",8041,8041,-,0,0.71,5,307,775,1967,3470,6893,574,680
2025-08-02T13:15:22.1718,"Submit transition request",751,751,-,0,0.07,36,599,1136,2782,5024,7214,870,984
2025-08-02T13:15:22.1718,"End Visit",6242,6242,-,0,0.55,27,704,1373,3157,4701,9817,1009,1058
2025-08-02T13:15:22.1718,"Generate OMRS Identifier",1816,1816,-,0,0.16,18,553,1079,2396,3862,7906,811,801
2025-08-02T13:15:22.1718,"Send Patient Registration Request",1816,1816,-,0,0.16,42,993,1908,3769,5753,9525,1350,1235
2025-08-02T13:15:22.1718,"Update full filler status",3156,3156,-,0,0.28,9,253,495,1430,2843,5143,410,529
2025-08-02T13:15:22.1718,"Save a clinical form",860,860,-,0,0.08,28,1700,3465,7074,10471,14351,2389,2406
2025-08-02T13:15:22.1718,"Dispense medication form submission",1546,1546,-,0,0.14,47,1599,3863,8166,11424,18181,2541,2741
2025-08-02T13:15:22.1718,"Submit Appointment StatusChange",1106,1106,-,0,0.1,9,273,607,1755,3725,6321,491,665
2025-08-02T13:15:22.1718,"Get Patient Encounters",860,860,-,0,0.08,106,8133,14393,23878,30771,35008,9454,7637
2025-08-02T13:15:22.1718,"Get Lab Results of Patient",1720,1720,-,0,0.15,14,1663,3950,9656,14584,27911,2873,3369
2025-08-02T13:15:22.1718,"Get specific encounter details",1578,1578,-,0,0.14,8,229,514,1438,2636,6491,416,565
2025-08-02T13:15:22.1718,"Get Alkaline concept details",1578,1578,-,0,0.14,3,69,259,1207,2003,4686,248,465
2025-08-02T13:15:22.1718,"Update the specific encounter",1578,1578,-,0,0.14,25,777,1782,4018,5930,8061,1205,1315
2025-08-02T13:15:22.1718,"Update the Lab Order Completion",1578,1578,-,0,0.14,20,706,1576,3807,5660,10760,1129,1301
2025-08-02T13:15:22.1718,"Get Visits With Diagnoses and Notes (new endpoint)",860,860,-,0,0.08,9,502,1106,3014,4686,7393,840,992
2025-08-02T13:15:22.1718,"Close medication",1546,1546,-,0,0.14,18,543,1231,3161,5257,8571,930,1148
2025-08-02T13:15:22.1718,"Discontinue the drug order",1546,1546,-,0,0.14,24,782,1720,3860,5387,8921,1195,1318
2025-08-02T13:15:22.1718,"Get Drug Orders except the cancelled and expired",860,860,-,0,0.08,7,1205,2733,6079,8993,14218,1893,1985
2025-08-02T13:15:22.1718,"Get Drug Orders except the discontinued orders",860,860,-,0,0.08,7,1257,2715,6203,10735,12851,1917,2127
2025-08-02T13:15:22.1718,"Get Observation Tree Details",2580,2580,-,0,0.23,6,1369,5547,16434,23361,31471,3955,5443
2025-08-02T13:15:22.1718,"Search for Condition",1720,1720,-,0,0.15,6,183,482,1546,2374,4094,400,549
2025-08-02T13:15:22.1718,"Save Conditions",860,860,-,0,0.08,10,346,811,2085,3654,7273,622,802
2025-08-02T13:15:22.1718,"Get Immunizations of Patient",2580,2580,-,0,0.23,2,212,1656,7254,11590,21497,1359,2405
2025-08-02T13:15:22.1718,"Get all immunizations",860,860,-,0,0.08,9,283,586,1648,3301,5225,495,623
2025-08-02T13:15:22.1718,"Submit Patient immunization",860,860,-,0,0.08,41,2434,5263,9882,14179,18811,3410,3291
2025-08-02T13:15:22.1718,"Get Attachments of Patient",1720,1720,-,0,0.15,7,379,781,2254,3895,6616,616,756
2025-08-02T13:15:22.1718,"Get Allowed File Extensions",860,860,-,0,0.08,2,60,213,1056,2332,5216,235,445
2025-08-02T13:15:22.1718,"Get Programs",1720,1720,-,0,0.15,9,321,591,1429,2590,5088,478,526
2025-08-02T13:15:22.1718,"Add new program to patient",860,860,-,0,0.08,12,520,1170,3358,5835,7020,904,1119
2025-08-02T13:15:22.1718,"Complete the program",860,860,-,0,0.08,13,504,1112,2784,4765,9693,830,1003
2025-08-02T13:15:22.1718,"Upload Attachment Request",860,855,5,0.58,0.08,40,9052,10446,12989,15663,19404,8241,3685
2025-08-02T13:15:22.1718,"Save Visit Note",860,860,-,0,0.08,19,1053,2252,4964,7640,12799,1554,1643
2025-08-02T13:15:22.1718,"Save Patient Diagnosis",1720,1720,-,0,0.15,8,372,922,2215,3747,6057,662,801
2025-08-01T13:15:45.693179,"Login",13943,13943,-,0,1.22,5,142,571,2088,2636,7690,421,667
2025-08-01T13:15:45.693179,"Get locations",15773,15773,-,0,1.38,30,478,798,1939,2890,8539,644,654
2025-08-01T13:15:45.693179,"Select Location",13943,13943,-,0,1.22,2,86,407,1706,6213,9392,339,595
2025-08-01T13:15:45.693179,"Get Address Template",17254,17254,-,0,1.51,1,29,92,837,1036,6094,134,312
2025-08-01T13:15:45.693179,"Get Relationship Types",17254,17254,-,0,1.51,2,58,177,904,2102,4713,205,391
2025-08-01T13:15:45.693179,"Get Appointments for Specific Date",13943,13943,-,0,1.22,16,633,1506,3998,5604,13273,1087,1292
2025-08-01T13:15:45.693179,"Get Module Information",18850,18850,-,0,1.65,1,34,98,812,922,8470,129,295
2025-08-01T13:15:45.693179,"Get Patient Identifier Types",17254,17254,-,0,1.51,3,81,240,990,2166,7838,229,405
2025-08-01T13:15:45.693179,"Get Primary Identifier Term Mapping",29912,29912,-,0,2.62,3,88,306,1174,2755,7305,277,490
2025-08-01T13:15:45.693179,"Get Identifier Source",31197,31197,-,0,2.74,3,94,323,1245,4177,7232,293,495
2025-08-01T13:15:45.693179,"Get Locations by Tag and Query",19208,19208,-,0,1.68,4,122,395,1383,2908,7675,347,566
2025-08-01T13:15:45.693179,"Get Visits",14501,14501,-,0,1.27,7,4801,9757,16872,21406,33481,6053,5625
2025-08-01T13:15:45.693179,"Get Auto Generation Options",17254,17254,-,0,1.51,6,243,779,2584,6840,10049,600,864
2025-08-01T13:15:45.693179,"Get Queue Entry",16769,16769,-,0,1.47,5,202,1204,4969,10726,20206,1055,1930
2025-08-01T13:15:45.693179,"Get Visit Types",6861,6861,-,0,0.6,2,45,181,997,1575,5511,184,376
2025-08-01T13:15:45.693179,"Get Current Visit of Patient",12837,12837,-,0,1.13,22,4680,12147,25804,37059,66800,7951,8708
2025-08-01T13:15:45.693179,"Get Visits of Patient",13705,13705,-,0,1.2,27,2078,4275,8377,11982,26347,2875,2798
2025-08-01T13:15:45.693179,"Get Program Enrollments of Patient",8907,8907,-,0,0.78,4,307,609,1816,2682,6765,477,600
2025-08-01T13:15:45.693179,"Get Visit Queue Entry",13404,13404,-,0,1.18,7,180,432,1339,2723,5909,364,520
2025-08-01T13:15:45.693179,"Get Appointments of a Patient",7171,7171,-,0,0.63,2,48,238,1012,3847,7995,225,446
2025-08-01T13:15:45.693179,"Get Patient Summary Data",14620,14620,-,0,1.28,6,155,328,1375,1747,5800,295,434
2025-08-01T13:15:45.693179,"Get Active Visits of Patient",132432,132432,-,0,11.62,4,96,280,1217,2126,12352,277,474
2025-08-01T13:15:45.693179,"Get isVisitsEnabled",9738,9738,-,0,0.85,2,58,237,1284,3960,5935,243,453
2025-08-01T13:15:45.693179,"Get the status of patient death",123639,123639,-,0,10.85,3,78,217,1093,1270,7453,202,366
2025-08-01T13:15:45.693179,"Get all the constraints on the vital concepts",9738,9738,-,0,0.85,3,98,305,1587,2327,7734,288,494
2025-08-01T13:15:45.693179,"Get Patient Observations",29444,29444,-,0,2.58,1,1193,5400,14725,22104,34962,3651,5038
2025-08-01T13:15:45.693179,"Get Patient Conditions",11113,11113,-,0,0.97,1,947,3664,10477,16514,28038,2548,3575
2025-08-01T13:15:45.693179,"Get Active Orders",9377,9377,-,0,0.82,5,558,1701,5044,6922,14599,1256,1693
2025-08-01T13:15:45.693179,"Get Admission Location Info",1924,1924,-,0,0.17,5,112,332,1654,2743,8612,336,584
2025-08-01T13:15:45.693179,"Get Admission Info",1924,1924,-,0,0.17,26,615,1457,3628,6307,13623,1127,1366
2025-08-01T13:15:45.693179,"Get Inpatient Request",1924,1924,-,0,0.17,13,580,5325,44589,65396,93311,7208,15168
2025-08-01T13:15:45.693179,"Get Patients",2276,2273,3,0.13,0.2,14,20573,45909,61848,71036,85382,24534,22559
2025-08-01T13:15:45.693179,"Submit Visit Form",6303,6303,-,0,0.55,11,344,855,2539,3685,8173,659,871
2025-08-01T13:15:45.693179,"Get Locations That Support Visits",2834,2834,-,0,0.25,5,94,266,1058,3357,6341,251,438
2025-08-01T13:15:45.693179,"Get Beds for Patient",1924,1924,-,0,0.17,4,115,273,945,1839,4207,259,416
2025-08-01T13:15:45.693179,"Save Ward Encounter",4810,4810,-,0,0.42,13,541,1749,6187,9592,19805,1376,1985
2025-08-01T13:15:45.693179,"Get Order Types",1563,1563,-,0,0.14,2,60,209,1235,1725,5066,215,411
2025-08-01T13:15:45.693179,"Save Vitals",2039,2039,-,0,0.18,81,3614,7449,13422,17706,22856,4802,4387
2025-08-01T13:15:45.693179,"Get Vitals concept reference ranges",1924,1924,-,0,0.17,38,1098,1975,4321,6523,9911,1382,1358
2025-08-01T13:15:45.693179,"Get Specific Visit Details",7860,7860,-,0,0.69,6,247,603,1690,4617,7881,472,649
2025-08-01T13:15:45.693179,"Get Transfer Locations configuration data",1924,1924,-,0,0.17,49,2160,5940,12584,16843,27563,3726,4253
2025-08-01T13:15:45.693179,"Get Transferable locations",1924,1924,-,0,0.17,30,604,939,1798,3197,7313,711,656
2025-08-01T13:15:45.693179,"Search for Drug",3126,3126,-,0,0.27,2,45,199,1015,3211,5758,215,429
2025-08-01T13:15:45.693179,"Save Drug Order",1563,1563,-,0,0.14,37,1387,2896,5956,8727,16946,1946,2080
2025-08-01T13:15:45.693179,"Get Allergies of Patient",2039,2039,-,0,0.18,1,434,1361,3868,5923,11198,1004,1377
2025-08-01T13:15:45.693179,"Get Drug Allergens",2039,2039,-,0,0.18,51,1455,1859,2682,4017,8314,1378,860
2025-08-01T13:15:45.693179,"Get Environment Allergens",2039,2039,-,0,0.18,30,844,1138,1997,3314,4259,867,619
2025-08-01T13:15:45.693179,"Get Food Allergens",2039,2039,-,0,0.18,12,333,603,1417,2734,6892,474,514
2025-08-01T13:15:45.693179,"Get Allergic Reactions Allergens",2039,2039,-,0,0.18,15,415,672,1552,2261,6103,542,530
2025-08-01T13:15:45.693179,"Get all patient lists",9160,9160,-,0,0.8,6,875,1419,2712,4350,8674,1000,895
2025-08-01T13:15:45.693179,"Get the details of a orderType",1596,1596,-,0,0.14,2,74,273,1195,2234,3776,255,438
2025-08-01T13:15:45.693179,"Get all Lab order details",1596,1596,-,0,0.14,13,365,628,1445,3103,6044,493,551
2025-08-01T13:15:45.693179,"Get All Appointment Services(full)",1674,1674,-,0,0.15,2,50,152,1040,1954,5151,196,408
2025-08-01T13:15:45.693179,"Get all appointments for a specific day",1116,1116,-,0,0.1,3,34,62,873,1052,3121,114,256
2025-08-01T13:15:45.693179,"Add a lab order",1596,1596,-,0,0.14,22,913,2069,4607,6794,11363,1411,1574
2025-08-01T13:15:45.693179,"Get all appointment summaries",1116,1116,-,0,0.1,13,308,596,1754,2857,6844,492,643
2025-08-01T13:15:45.693179,"Get All Form Encounters",868,868,-,0,0.08,17,1068,1823,3849,6176,14650,1369,1351
2025-08-01T13:15:45.693179,"Get Person Attribute Type",3311,3311,-,0,0.29,2,73,219,1006,1657,7391,226,408
2025-08-01T13:15:45.693179,"Get Appointment By Status",4464,4464,-,0,0.39,3,44,268,2171,2897,7411,335,731
2025-08-01T13:15:45.693179,"Get Ordered Address Hierarchy Levels",3311,3311,-,0,0.29,1,17,30,434,1218,3500,74,223
2025-08-01T13:15:45.693179,"Get All Forms",868,868,-,0,0.08,8,484,1296,2902,4809,7339,872,1015
2025-08-01T13:15:45.693179,"Get Orders of admitted patient by Activated Date",4441,4441,-,0,0.39,5,157,454,1582,3737,5473,394,597
2025-08-01T13:15:45.693179,"Get all default appointment services",1116,1116,-,0,0.1,2,47,152,962,2060,3654,182,369
2025-08-01T13:15:45.693179,"Get all visits of the given location with date",1116,1116,-,0,0.1,24,7024,12149,19860,29799,38396,7859,6743
2025-08-01T13:15:45.693179,"Get medication request encounters",4689,4689,-,0,0.41,80,11762,26673,48456,62016,82650,16341,16172
2025-08-01T13:15:45.693179,"Get patient age",31085,31085,-,0,2.73,3,148,320,1202,2029,8658,286,412
2025-08-01T13:15:45.693179,"Get patient identification photo",115825,115825,-,0,10.16,4,112,344,1224,2719,8797,302,511
2025-08-01T13:15:45.693179,"Get Person Attributes",1498,1498,-,0,0.13,4,128,279,1105,1761,5545,255,404
2025-08-01T13:15:45.693179,"Get Patient Identifiers",1498,1498,-,0,0.13,4,164,375,1264,2111,4944,324,484
2025-08-01T13:15:45.693179,"Get Relationships of Person",1498,1498,-,0,0.13,4,162,402,1442,2310,3879,335,464
2025-08-01T13:15:45.693179,"Create a patient list",2290,2290,-,0,0.2,10,315,775,2117,3694,8011,594,751
2025-08-01T13:15:45.693179,"Get queue entry number",756,756,-,0,0.07,1,12,23,346,559,1032,46,125
2025-08-01T13:15:45.693179,"Submit visit queue entry",756,756,-,0,0.07,27,546,1427,3918,6523,7839,1044,1333
2025-08-01T13:15:45.693179,"Get All Providers",3684,3684,-,0,0.32,4,186,683,2140,4508,6785,529,808
2025-08-01T13:15:45.693179,"Get Patient Allergy Intolerance",1563,1563,-,0,0.14,1,356,1319,3574,6302,9128,917,1321
2025-08-01T13:15:45.693179,"Get Specific Medication Requests",6252,6252,-,0,0.55,36,1418,3271,7880,12482,21357,2339,2681
2025-08-01T13:15:45.693179,"Save an Allergy",2039,2039,-,0,0.18,14,520,1120,2755,4060,10274,822,944
2025-08-01T13:15:45.693179,"Get Encounter With Visit and Diagnoses",1563,1563,-,0,0.14,9,197,411,1302,2409,4077,354,475
2025-08-01T13:15:45.693179,"Get all active Lab orders",4788,4788,-,0,0.42,5,1921,4865,10390,14548,22513,3086,3467
2025-08-01T13:15:45.693179,"Get Lab Orders by full filler status",14364,14364,-,0,1.26,4,761,4326,28540,34853,50481,5126,8865
2025-08-01T13:15:45.693179,"Get Clinical Form by UUID",868,868,-,0,0.08,7,208,421,1338,2610,4680,367,481
2025-08-01T13:15:45.693179,"Get Encounter Roles",868,868,-,0,0.08,2,54,224,1038,1970,3599,218,382
2025-08-01T13:15:45.693179,"Get Latest FHIR Encounter",868,868,-,0,0.08,11,361,834,2108,4442,6916,637,794
2025-08-01T13:15:45.693179,"Get Encounter By UUID",868,868,-,0,0.08,11,409,896,2063,3607,5450,655,721
2025-08-01T13:15:45.693179,"Get Locations Search Set",962,962,-,0,0.08,5,99,276,1641,2187,5306,297,541
2025-08-01T13:15:45.693179,"Change the session location",962,962,-,0,0.08,4,107,474,1738,3462,5496,383,642
2025-08-01T13:15:45.693179,"Get patient list details",2290,2290,-,0,0.2,5,133,438,1309,2501,6650,358,552
2025-08-01T13:15:45.693179,"Fetch members of patient list",2290,2290,-,0,0.2,3,84,352,1264,2319,5473,302,489
2025-08-01T13:15:45.693179,"Get service concept set",756,756,-,0,0.07,2,46,171,1010,1531,5101,186,400
2025-08-01T13:15:45.693179,"Get Concept",52206,52206,-,0,4.58,6,296,598,1570,4026,7924,475,561
2025-08-01T13:15:45.693179,"Submit new Service queue",756,756,-,0,0.07,10,224,929,2735,5216,10416,679,1029
2025-08-01T13:15:45.693179,"Get Order Entry Config",1563,1563,-,0,0.14,22,731,1232,2686,4011,7471,921,913
2025-08-01T13:15:45.693179,"Get ValueSet by UUID",4689,4689,-,0,0.41,14,402,893,2522,3548,10687,665,837
2025-08-01T13:15:45.693179,"Get Medication Request by UUID",4689,4689,-,0,0.41,31,885,1973,4542,7605,12871,1387,1561
2025-08-01T13:15:45.693179,"Get Medication by UUID",1563,1563,-,0,0.14,2,31,104,755,1600,4809,138,336
2025-08-01T13:15:45.693179,"Search Medication by Code",1563,1563,-,0,0.14,5,73,196,938,2440,5403,219,436
2025-08-01T13:15:45.693179,"Edit patient details",1498,1498,-,0,0.13,24,724,1351,2955,4626,6864,987,966
2025-08-01T13:15:45.693179,"Check Appointment Conflicts",558,558,-,0,0.05,7,180,455,1558,3138,6974,393,606
2025-08-01T13:15:45.693179,"Create Appointment",558,558,-,0,0.05,14,333,617,1656,2843,4520,499,591
2025-08-01T13:15:45.693179,"Get patient admission note",8903,8903,-,0,0.78,5,275,713,1959,3412,7760,544,665
2025-08-01T13:15:45.693179,"Submit transition request",756,756,-,0,0.07,35,594,1195,2868,4628,7819,883,987
2025-08-01T13:15:45.693179,"End Visit",6303,6303,-,0,0.55,28,683,1304,3144,4647,9803,999,1061
2025-08-01T13:15:45.693179,"Generate OMRS Identifier",1813,1813,-,0,0.16,17,527,979,2270,3937,8622,770,782
2025-08-01T13:15:45.693179,"Update full filler status",3192,3192,-,0,0.28,9,241,467,1397,2120,6166,388,497
2025-08-01T13:15:45.693179,"Send Patient Registration Request",1813,1813,-,0,0.16,36,1001,1951,3964,5765,9172,1373,1274
2025-08-01T13:15:45.693179,"Save a clinical form",868,868,-,0,0.08,25,1535,3146,7436,10586,13290,2256,2361
2025-08-01T13:15:45.693179,"Dispense medication form submission",1563,1563,-,0,0.14,44,1546,3869,8154,11824,17219,2523,2765
2025-08-01T13:15:45.693179,"Submit Appointment StatusChange",1116,1116,-,0,0.1,8,272,607,1946,3721,5534,496,691
2025-08-01T13:15:45.693179,"Get Patient Encounters",868,868,-,0,0.08,90,7494,14076,23650,31685,39590,9235,7652
2025-08-01T13:15:45.693179,"Get Lab Results of Patient",1736,1736,-,0,0.15,3,1649,3902,9624,15188,24673,2833,3269
2025-08-01T13:15:45.693179,"Get specific encounter details",1596,1596,-,0,0.14,8,237,559,1541,3001,6704,434,587
2025-08-01T13:15:45.693179,"Get Alkaline concept details",1596,1596,-,0,0.14,3,66,231,1304,1855,5813,239,455
2025-08-01T13:15:45.693179,"Update the specific encounter",1596,1596,-,0,0.14,24,763,1775,4093,6521,12145,1256,1507
2025-08-01T13:15:45.693179,"Update the Lab Order Completion",1596,1596,-,0,0.14,20,692,1615,3681,5707,8853,1120,1286
2025-08-01T13:15:45.693179,"Get Visits With Diagnoses and Notes (new endpoint)",868,868,-,0,0.08,10,524,1163,2640,4061,7737,831,954
2025-08-01T13:15:45.693179,"Close medication",1563,1563,-,0,0.14,19,562,1245,3367,5643,8660,929,1140
2025-08-01T13:15:45.693179,"Discontinue the drug order",1563,1563,-,0,0.14,23,745,1626,4000,6155,9902,1147,1305
2025-08-01T13:15:45.693179,"Get Drug Orders except the cancelled and expired",868,868,-,0,0.08,8,1252,2801,5986,8349,12002,1908,1956
2025-08-01T13:15:45.693179,"Get Drug Orders except the discontinued orders",868,868,-,0,0.08,6,1241,2739,5614,9107,14375,1869,1963
2025-08-01T13:15:45.693179,"Get Observation Tree Details",2604,2604,-,0,0.23,6,1265,5563,16180,22688,36301,3925,5472
2025-08-01T13:15:45.693179,"Search for Condition",1736,1736,-,0,0.15,6,172,504,1631,2973,6117,405,568
2025-08-01T13:15:45.693179,"Save Conditions",868,868,-,0,0.08,9,340,768,2030,3652,7247,591,744
2025-08-01T13:15:45.693179,"Get Immunizations of Patient",2604,2604,-,0,0.23,2,219,1628,6278,10254,22260,1353,2400
2025-08-01T13:15:45.693179,"Get all immunizations",868,868,-,0,0.08,9,264,592,1753,3330,5189,485,637
2025-08-01T13:15:45.693179,"Submit Patient immunization",868,868,-,0,0.08,42,2385,5312,10106,13510,20251,3470,3358
2025-08-01T13:15:45.693179,"Get Attachments of Patient",1736,1736,-,0,0.15,7,355,793,2165,3582,5638,610,728
2025-08-01T13:15:45.693179,"Get Allowed File Extensions",868,868,-,0,0.08,2,52,200,956,2180,4457,212,413
2025-08-01T13:15:45.693179,"Get Programs",1736,1736,-,0,0.15,10,313,613,1620,3049,8220,491,583
2025-08-01T13:15:45.693179,"Add new program to patient",868,868,-,0,0.08,11,469,1121,2802,4857,8802,810,971
2025-08-01T13:15:45.693179,"Complete the program",868,868,-,0,0.08,13,458,1090,2732,5074,7845,803,973
2025-08-01T13:15:45.693179,"Upload Attachment Request",868,864,4,0.46,0.08,130,8989,10443,13165,15043,21799,8139,3687
2025-08-01T13:15:45.693179,"Save Visit Note",868,868,-,0,0.08,19,910,2216,5282,7417,11228,1528,1714
2025-08-01T13:15:45.693179,"Save Patient Diagnosis",1736,1736,-,0,0.15,8,375,905,2257,3327,5654,646,767
2025-07-31T13:16:14.384434,"Login",13943,13943,-,0,1.22,5,142,571,2088,2636,7690,421,667
2025-07-31T13:16:14.384434,"Get locations",15773,15773,-,0,1.38,30,478,798,1939,2890,8539,644,654
2025-07-31T13:16:14.384434,"Select Location",13943,13943,-,0,1.22,2,86,407,1706,6213,9392,339,595
2025-07-31T13:16:14.384434,"Get Address Template",17254,17254,-,0,1.51,1,29,92,837,1036,6094,134,312
2025-07-31T13:16:14.384434,"Get Relationship Types",17254,17254,-,0,1.51,2,58,177,904,2102,4713,205,391
2025-07-31T13:16:14.384434,"Get Appointments for Specific Date",13943,13943,-,0,1.22,16,633,1506,3998,5604,13273,1087,1292
2025-07-31T13:16:14.384434,"Get Module Information",18850,18850,-,0,1.65,1,34,98,812,922,8470,129,295
2025-07-31T13:16:14.384434,"Get Patient Identifier Types",17254,17254,-,0,1.51,3,81,240,990,2166,7838,229,405
2025-07-31T13:16:14.384434,"Get Primary Identifier Term Mapping",29912,29912,-,0,2.62,3,88,306,1174,2755,7305,277,490
2025-07-31T13:16:14.384434,"Get Identifier Source",31197,31197,-,0,2.74,3,94,323,1245,4177,7232,293,495
2025-07-31T13:16:14.384434,"Get Locations by Tag and Query",19208,19208,-,0,1.68,4,122,395,1383,2908,7675,347,566
2025-07-31T13:16:14.384434,"Get Visits",14501,14501,-,0,1.27,7,4801,9757,16872,21406,33481,6053,5625
2025-07-31T13:16:14.384434,"Get Auto Generation Options",17254,17254,-,0,1.51,6,243,779,2584,6840,10049,600,864
2025-07-31T13:16:14.384434,"Get Queue Entry",16769,16769,-,0,1.47,5,202,1204,4969,10726,20206,1055,1930
2025-07-31T13:16:14.384434,"Get Visit Types",6861,6861,-,0,0.6,2,45,181,997,1575,5511,184,376
2025-07-31T13:16:14.384434,"Get Current Visit of Patient",12837,12837,-,0,1.13,22,4680,12147,25804,37059,66800,7951,8708
2025-07-31T13:16:14.384434,"Get Visits of Patient",13705,13705,-,0,1.2,27,2078,4275,8377,11982,26347,2875,2798
2025-07-31T13:16:14.384434,"Get Program Enrollments of Patient",8907,8907,-,0,0.78,4,307,609,1816,2682,6765,477,600
2025-07-31T13:16:14.384434,"Get Visit Queue Entry",13404,13404,-,0,1.18,7,180,432,1339,2723,5909,364,520
2025-07-31T13:16:14.384434,"Get Appointments of a Patient",7171,7171,-,0,0.63,2,48,238,1012,3847,7995,225,446
2025-07-31T13:16:14.384434,"Get Patient Summary Data",14620,14620,-,0,1.28,6,155,328,1375,1747,5800,295,434
2025-07-31T13:16:14.384434,"Get Active Visits of Patient",132432,132432,-,0,11.62,4,96,280,1217,2126,12352,277,474
2025-07-31T13:16:14.384434,"Get isVisitsEnabled",9738,9738,-,0,0.85,2,58,237,1284,3960,5935,243,453
2025-07-31T13:16:14.384434,"Get the status of patient death",123639,123639,-,0,10.85,3,78,217,1093,1270,7453,202,366
2025-07-31T13:16:14.384434,"Get all the constraints on the vital concepts",9738,9738,-,0,0.85,3,98,305,1587,2327,7734,288,494
2025-07-31T13:16:14.384434,"Get Patient Observations",29444,29444,-,0,2.58,1,1193,5400,14725,22104,34962,3651,5038
2025-07-31T13:16:14.384434,"Get Patient Conditions",11113,11113,-,0,0.97,1,947,3664,10477,16514,28038,2548,3575
2025-07-31T13:16:14.384434,"Get Active Orders",9377,9377,-,0,0.82,5,558,1701,5044,6922,14599,1256,1693
2025-07-31T13:16:14.384434,"Get Admission Location Info",1924,1924,-,0,0.17,5,112,332,1654,2743,8612,336,584
2025-07-31T13:16:14.384434,"Get Admission Info",1924,1924,-,0,0.17,26,615,1457,3628,6307,13623,1127,1366
2025-07-31T13:16:14.384434,"Get Inpatient Request",1924,1924,-,0,0.17,13,580,5325,44589,65396,93311,7208,15168
2025-07-31T13:16:14.384434,"Get Patients",2276,2273,3,0.13,0.2,14,20573,45909,61848,71036,85382,24534,22559
2025-07-31T13:16:14.384434,"Submit Visit Form",6303,6303,-,0,0.55,11,344,855,2539,3685,8173,659,871
2025-07-31T13:16:14.384434,"Get Locations That Support Visits",2834,2834,-,0,0.25,5,94,266,1058,3357,6341,251,438
2025-07-31T13:16:14.384434,"Get Beds for Patient",1924,1924,-,0,0.17,4,115,273,945,1839,4207,259,416
2025-07-31T13:16:14.384434,"Save Ward Encounter",4810,4810,-,0,0.42,13,541,1749,6187,9592,19805,1376,1985
2025-07-31T13:16:14.384434,"Get Order Types",1563,1563,-,0,0.14,2,60,209,1235,1725,5066,215,411
2025-07-31T13:16:14.384434,"Save Vitals",2039,2039,-,0,0.18,81,3614,7449,13422,17706,22856,4802,4387
2025-07-31T13:16:14.384434,"Get Vitals concept reference ranges",1924,1924,-,0,0.17,38,1098,1975,4321,6523,9911,1382,1358
2025-07-31T13:16:14.384434,"Get Specific Visit Details",7860,7860,-,0,0.69,6,247,603,1690,4617,7881,472,649
2025-07-31T13:16:14.384434,"Get Transfer Locations configuration data",1924,1924,-,0,0.17,49,2160,5940,12584,16843,27563,3726,4253
2025-07-31T13:16:14.384434,"Get Transferable locations",1924,1924,-,0,0.17,30,604,939,1798,3197,7313,711,656
2025-07-31T13:16:14.384434,"Search for Drug",3126,3126,-,0,0.27,2,45,199,1015,3211,5758,215,429
2025-07-31T13:16:14.384434,"Save Drug Order",1563,1563,-,0,0.14,37,1387,2896,5956,8727,16946,1946,2080
2025-07-31T13:16:14.384434,"Get Allergies of Patient",2039,2039,-,0,0.18,1,434,1361,3868,5923,11198,1004,1377
2025-07-31T13:16:14.384434,"Get Drug Allergens",2039,2039,-,0,0.18,51,1455,1859,2682,4017,8314,1378,860
2025-07-31T13:16:14.384434,"Get Environment Allergens",2039,2039,-,0,0.18,30,844,1138,1997,3314,4259,867,619
2025-07-31T13:16:14.384434,"Get Food Allergens",2039,2039,-,0,0.18,12,333,603,1417,2734,6892,474,514
2025-07-31T13:16:14.384434,"Get Allergic Reactions Allergens",2039,2039,-,0,0.18,15,415,672,1552,2261,6103,542,530
2025-07-31T13:16:14.384434,"Get all patient lists",9160,9160,-,0,0.8,6,875,1419,2712,4350,8674,1000,895
2025-07-31T13:16:14.384434,"Get the details of a orderType",1596,1596,-,0,0.14,2,74,273,1195,2234,3776,255,438
2025-07-31T13:16:14.384434,"Get all Lab order details",1596,1596,-,0,0.14,13,365,628,1445,3103,6044,493,551
2025-07-31T13:16:14.384434,"Get All Appointment Services(full)",1674,1674,-,0,0.15,2,50,152,1040,1954,5151,196,408
2025-07-31T13:16:14.384434,"Get all appointments for a specific day",1116,1116,-,0,0.1,3,34,62,873,1052,3121,114,256
2025-07-31T13:16:14.384434,"Add a lab order",1596,1596,-,0,0.14,22,913,2069,4607,6794,11363,1411,1574
2025-07-31T13:16:14.384434,"Get all appointment summaries",1116,1116,-,0,0.1,13,308,596,1754,2857,6844,492,643
2025-07-31T13:16:14.384434,"Get All Form Encounters",868,868,-,0,0.08,17,1068,1823,3849,6176,14650,1369,1351
2025-07-31T13:16:14.384434,"Get Person Attribute Type",3311,3311,-,0,0.29,2,73,219,1006,1657,7391,226,408
2025-07-31T13:16:14.384434,"Get Appointment By Status",4464,4464,-,0,0.39,3,44,268,2171,2897,7411,335,731
2025-07-31T13:16:14.384434,"Get Ordered Address Hierarchy Levels",3311,3311,-,0,0.29,1,17,30,434,1218,3500,74,223
2025-07-31T13:16:14.384434,"Get All Forms",868,868,-,0,0.08,8,484,1296,2902,4809,7339,872,1015
2025-07-31T13:16:14.384434,"Get Orders of admitted patient by Activated Date",4441,4441,-,0,0.39,5,157,454,1582,3737,5473,394,597
2025-07-31T13:16:14.384434,"Get all default appointment services",1116,1116,-,0,0.1,2,47,152,962,2060,3654,182,369
2025-07-31T13:16:14.384434,"Get all visits of the given location with date",1116,1116,-,0,0.1,24,7024,12149,19860,29799,38396,7859,6743
2025-07-31T13:16:14.384434,"Get medication request encounters",4689,4689,-,0,0.41,80,11762,26673,48456,62016,82650,16341,16172
2025-07-31T13:16:14.384434,"Get patient age",31085,31085,-,0,2.73,3,148,320,1202,2029,8658,286,412
2025-07-31T13:16:14.384434,"Get patient identification photo",115825,115825,-,0,10.16,4,112,344,1224,2719,8797,302,511
2025-07-31T13:16:14.384434,"Get Person Attributes",1498,1498,-,0,0.13,4,128,279,1105,1761,5545,255,404
2025-07-31T13:16:14.384434,"Get Patient Identifiers",1498,1498,-,0,0.13,4,164,375,1264,2111,4944,324,484
2025-07-31T13:16:14.384434,"Get Relationships of Person",1498,1498,-,0,0.13,4,162,402,1442,2310,3879,335,464
2025-07-31T13:16:14.384434,"Create a patient list",2290,2290,-,0,0.2,10,315,775,2117,3694,8011,594,751
2025-07-31T13:16:14.384434,"Get queue entry number",756,756,-,0,0.07,1,12,23,346,559,1032,46,125
2025-07-31T13:16:14.384434,"Submit visit queue entry",756,756,-,0,0.07,27,546,1427,3918,6523,7839,1044,1333
2025-07-31T13:16:14.384434,"Get All Providers",3684,3684,-,0,0.32,4,186,683,2140,4508,6785,529,808
2025-07-31T13:16:14.384434,"Get Patient Allergy Intolerance",1563,1563,-,0,0.14,1,356,1319,3574,6302,9128,917,1321
2025-07-31T13:16:14.384434,"Get Specific Medication Requests",6252,6252,-,0,0.55,36,1418,3271,7880,12482,21357,2339,2681
2025-07-31T13:16:14.384434,"Save an Allergy",2039,2039,-,0,0.18,14,520,1120,2755,4060,10274,822,944
2025-07-31T13:16:14.384434,"Get Encounter With Visit and Diagnoses",1563,1563,-,0,0.14,9,197,411,1302,2409,4077,354,475
2025-07-31T13:16:14.384434,"Get all active Lab orders",4788,4788,-,0,0.42,5,1921,4865,10390,14548,22513,3086,3467
2025-07-31T13:16:14.384434,"Get Lab Orders by full filler status",14364,14364,-,0,1.26,4,761,4326,28540,34853,50481,5126,8865
2025-07-31T13:16:14.384434,"Get Clinical Form by UUID",868,868,-,0,0.08,7,208,421,1338,2610,4680,367,481
2025-07-31T13:16:14.384434,"Get Encounter Roles",868,868,-,0,0.08,2,54,224,1038,1970,3599,218,382
2025-07-31T13:16:14.384434,"Get Latest FHIR Encounter",868,868,-,0,0.08,11,361,834,2108,4442,6916,637,794
2025-07-31T13:16:14.384434,"Get Encounter By UUID",868,868,-,0,0.08,11,409,896,2063,3607,5450,655,721
2025-07-31T13:16:14.384434,"Get Locations Search Set",962,962,-,0,0.08,5,99,276,1641,2187,5306,297,541
2025-07-31T13:16:14.384434,"Change the session location",962,962,-,0,0.08,4,107,474,1738,3462,5496,383,642
2025-07-31T13:16:14.384434,"Get patient list details",2290,2290,-,0,0.2,5,133,438,1309,2501,6650,358,552
2025-07-31T13:16:14.384434,"Fetch members of patient list",2290,2290,-,0,0.2,3,84,352,1264,2319,5473,302,489
2025-07-31T13:16:14.384434,"Get service concept set",756,756,-,0,0.07,2,46,171,1010,1531,5101,186,400
2025-07-31T13:16:14.384434,"Get Concept",52206,52206,-,0,4.58,6,296,598,1570,4026,7924,475,561
2025-07-31T13:16:14.384434,"Submit new Service queue",756,756,-,0,0.07,10,224,929,2735,5216,10416,679,1029
2025-07-31T13:16:14.384434,"Get Order Entry Config",1563,1563,-,0,0.14,22,731,1232,2686,4011,7471,921,913
2025-07-31T13:16:14.384434,"Get ValueSet by UUID",4689,4689,-,0,0.41,14,402,893,2522,3548,10687,665,837
2025-07-31T13:16:14.384434,"Get Medication Request by UUID",4689,4689,-,0,0.41,31,885,1973,4542,7605,12871,1387,1561
2025-07-31T13:16:14.384434,"Get Medication by UUID",1563,1563,-,0,0.14,2,31,104,755,1600,4809,138,336
2025-07-31T13:16:14.384434,"Search Medication by Code",1563,1563,-,0,0.14,5,73,196,938,2440,5403,219,436
2025-07-31T13:16:14.384434,"Edit patient details",1498,1498,-,0,0.13,24,724,1351,2955,4626,6864,987,966
2025-07-31T13:16:14.384434,"Check Appointment Conflicts",558,558,-,0,0.05,7,180,455,1558,3138,6974,393,606
2025-07-31T13:16:14.384434,"Create Appointment",558,558,-,0,0.05,14,333,617,1656,2843,4520,499,591
2025-07-31T13:16:14.384434,"Get patient admission note",8903,8903,-,0,0.78,5,275,713,1959,3412,7760,544,665
2025-07-31T13:16:14.384434,"Submit transition request",756,756,-,0,0.07,35,594,1195,2868,4628,7819,883,987
2025-07-31T13:16:14.384434,"End Visit",6303,6303,-,0,0.55,28,683,1304,3144,4647,9803,999,1061
2025-07-31T13:16:14.384434,"Generate OMRS Identifier",1813,1813,-,0,0.16,17,527,979,2270,3937,8622,770,782
2025-07-31T13:16:14.384434,"Update full filler status",3192,3192,-,0,0.28,9,241,467,1397,2120,6166,388,497
2025-07-31T13:16:14.384434,"Send Patient Registration Request",1813,1813,-,0,0.16,36,1001,1951,3964,5765,9172,1373,1274
2025-07-31T13:16:14.384434,"Save a clinical form",868,868,-,0,0.08,25,1535,3146,7436,10586,13290,2256,2361
2025-07-31T13:16:14.384434,"Dispense medication form submission",1563,1563,-,0,0.14,44,1546,3869,8154,11824,17219,2523,2765
2025-07-31T13:16:14.384434,"Submit Appointment StatusChange",1116,1116,-,0,0.1,8,272,607,1946,3721,5534,496,691
2025-07-31T13:16:14.384434,"Get Patient Encounters",868,868,-,0,0.08,90,7494,14076,23650,31685,39590,9235,7652
2025-07-31T13:16:14.384434,"Get Lab Results of Patient",1736,1736,-,0,0.15,3,1649,3902,9624,15188,24673,2833,3269
2025-07-31T13:16:14.384434,"Get specific encounter details",1596,1596,-,0,0.14,8,237,559,1541,3001,6704,434,587
2025-07-31T13:16:14.384434,"Get Alkaline concept details",1596,1596,-,0,0.14,3,66,231,1304,1855,5813,239,455
2025-07-31T13:16:14.384434,"Update the specific encounter",1596,1596,-,0,0.14,24,763,1775,4093,6521,12145,1256,1507
2025-07-31T13:16:14.384434,"Update the Lab Order Completion",1596,1596,-,0,0.14,20,692,1615,3681,5707,8853,1120,1286
2025-07-31T13:16:14.384434,"Get Visits With Diagnoses and Notes (new endpoint)",868,868,-,0,0.08,10,524,1163,2640,4061,7737,831,954
2025-07-31T13:16:14.384434,"Close medication",1563,1563,-,0,0.14,19,562,1245,3367,5643,8660,929,1140
2025-07-31T13:16:14.384434,"Discontinue the drug order",1563,1563,-,0,0.14,23,745,1626,4000,6155,9902,1147,1305
2025-07-31T13:16:14.384434,"Get Drug Orders except the cancelled and expired",868,868,-,0,0.08,8,1252,2801,5986,8349,12002,1908,1956
2025-07-31T13:16:14.384434,"Get Drug Orders except the discontinued orders",868,868,-,0,0.08,6,1241,2739,5614,9107,14375,1869,1963
2025-07-31T13:16:14.384434,"Get Observation Tree Details",2604,2604,-,0,0.23,6,1265,5563,16180,22688,36301,3925,5472
2025-07-31T13:16:14.384434,"Search for Condition",1736,1736,-,0,0.15,6,172,504,1631,2973,6117,405,568
2025-07-31T13:16:14.384434,"Save Conditions",868,868,-,0,0.08,9,340,768,2030,3652,7247,591,744
2025-07-31T13:16:14.384434,"Get Immunizations of Patient",2604,2604,-,0,0.23,2,219,1628,6278,10254,22260,1353,2400
2025-07-31T13:16:14.384434,"Get all immunizations",868,868,-,0,0.08,9,264,592,1753,3330,5189,485,637
2025-07-31T13:16:14.384434,"Submit Patient immunization",868,868,-,0,0.08,42,2385,5312,10106,13510,20251,3470,3358
2025-07-31T13:16:14.384434,"Get Attachments of Patient",1736,1736,-,0,0.15,7,355,793,2165,3582,5638,610,728
2025-07-31T13:16:14.384434,"Get Allowed File Extensions",868,868,-,0,0.08,2,52,200,956,2180,4457,212,413
2025-07-31T13:16:14.384434,"Get Programs",1736,1736,-,0,0.15,10,313,613,1620,3049,8220,491,583
2025-07-31T13:16:14.384434,"Add new program to patient",868,868,-,0,0.08,11,469,1121,2802,4857,8802,810,971
2025-07-31T13:16:14.384434,"Complete the program",868,868,-,0,0.08,13,458,1090,2732,5074,7845,803,973
2025-07-31T13:16:14.384434,"Upload Attachment Request",868,864,4,0.46,0.08,130,8989,10443,13165,15043,21799,8139,3687
2025-07-31T13:16:14.384434,"Save Visit Note",868,868,-,0,0.08,19,910,2216,5282,7417,11228,1528,1714
2025-07-31T13:16:14.384434,"Save Patient Diagnosis",1736,1736,-,0,0.15,8,375,905,2257,3327,5654,646,767
2025-07-30T13:19:01.470111,"Login",13943,13943,-,0,1.22,5,142,571,2088,2636,7690,421,667
2025-07-30T13:19:01.470111,"Get locations",15773,15773,-,0,1.38,30,478,798,1939,2890,8539,644,654
2025-07-30T13:19:01.470111,"Select Location",13943,13943,-,0,1.22,2,86,407,1706,6213,9392,339,595
2025-07-30T13:19:01.470111,"Get Address Template",17254,17254,-,0,1.51,1,29,92,837,1036,6094,134,312
2025-07-30T13:19:01.470111,"Get Relationship Types",17254,17254,-,0,1.51,2,58,177,904,2102,4713,205,391
2025-07-30T13:19:01.470111,"Get Appointments for Specific Date",13943,13943,-,0,1.22,16,633,1506,3998,5604,13273,1087,1292
2025-07-30T13:19:01.470111,"Get Module Information",18850,18850,-,0,1.65,1,34,98,812,922,8470,129,295
2025-07-30T13:19:01.470111,"Get Patient Identifier Types",17254,17254,-,0,1.51,3,81,240,990,2166,7838,229,405
2025-07-30T13:19:01.470111,"Get Primary Identifier Term Mapping",29912,29912,-,0,2.62,3,88,306,1174,2755,7305,277,490
2025-07-30T13:19:01.470111,"Get Identifier Source",31197,31197,-,0,2.74,3,94,323,1245,4177,7232,293,495
2025-07-30T13:19:01.470111,"Get Locations by Tag and Query",19208,19208,-,0,1.68,4,122,395,1383,2908,7675,347,566
2025-07-30T13:19:01.470111,"Get Visits",14501,14501,-,0,1.27,7,4801,9757,16872,21406,33481,6053,5625
2025-07-30T13:19:01.470111,"Get Auto Generation Options",17254,17254,-,0,1.51,6,243,779,2584,6840,10049,600,864
2025-07-30T13:19:01.470111,"Get Queue Entry",16769,16769,-,0,1.47,5,202,1204,4969,10726,20206,1055,1930
2025-07-30T13:19:01.470111,"Get Visit Types",6861,6861,-,0,0.6,2,45,181,997,1575,5511,184,376
2025-07-30T13:19:01.470111,"Get Current Visit of Patient",12837,12837,-,0,1.13,22,4680,12147,25804,37059,66800,7951,8708
2025-07-30T13:19:01.470111,"Get Visits of Patient",13705,13705,-,0,1.2,27,2078,4275,8377,11982,26347,2875,2798
2025-07-30T13:19:01.470111,"Get Program Enrollments of Patient",8907,8907,-,0,0.78,4,307,609,1816,2682,6765,477,600
2025-07-30T13:19:01.470111,"Get Visit Queue Entry",13404,13404,-,0,1.18,7,180,432,1339,2723,5909,364,520
2025-07-30T13:19:01.470111,"Get Appointments of a Patient",7171,7171,-,0,0.63,2,48,238,1012,3847,7995,225,446
2025-07-30T13:19:01.470111,"Get Patient Summary Data",14620,14620,-,0,1.28,6,155,328,1375,1747,5800,295,434
2025-07-30T13:19:01.470111,"Get Active Visits of Patient",132432,132432,-,0,11.62,4,96,280,1217,2126,12352,277,474
2025-07-30T13:19:01.470111,"Get isVisitsEnabled",9738,9738,-,0,0.85,2,58,237,1284,3960,5935,243,453
2025-07-30T13:19:01.470111,"Get the status of patient death",123639,123639,-,0,10.85,3,78,217,1093,1270,7453,202,366
2025-07-30T13:19:01.470111,"Get all the constraints on the vital concepts",9738,9738,-,0,0.85,3,98,305,1587,2327,7734,288,494
2025-07-30T13:19:01.470111,"Get Patient Observations",29444,29444,-,0,2.58,1,1193,5400,14725,22104,34962,3651,5038
2025-07-30T13:19:01.470111,"Get Patient Conditions",11113,11113,-,0,0.97,1,947,3664,10477,16514,28038,2548,3575
2025-07-30T13:19:01.470111,"Get Active Orders",9377,9377,-,0,0.82,5,558,1701,5044,6922,14599,1256,1693
2025-07-30T13:19:01.470111,"Get Admission Location Info",1924,1924,-,0,0.17,5,112,332,1654,2743,8612,336,584
2025-07-30T13:19:01.470111,"Get Admission Info",1924,1924,-,0,0.17,26,615,1457,3628,6307,13623,1127,1366
2025-07-30T13:19:01.470111,"Get Inpatient Request",1924,1924,-,0,0.17,13,580,5325,44589,65396,93311,7208,15168
2025-07-30T13:19:01.470111,"Get Patients",2276,2273,3,0.13,0.2,14,20573,45909,61848,71036,85382,24534,22559
2025-07-30T13:19:01.470111,"Submit Visit Form",6303,6303,-,0,0.55,11,344,855,2539,3685,8173,659,871
2025-07-30T13:19:01.470111,"Get Locations That Support Visits",2834,2834,-,0,0.25,5,94,266,1058,3357,6341,251,438
2025-07-30T13:19:01.470111,"Get Beds for Patient",1924,1924,-,0,0.17,4,115,273,945,1839,4207,259,416
2025-07-30T13:19:01.470111,"Save Ward Encounter",4810,4810,-,0,0.42,13,541,1749,6187,9592,19805,1376,1985
2025-07-30T13:19:01.470111,"Get Order Types",1563,1563,-,0,0.14,2,60,209,1235,1725,5066,215,411
2025-07-30T13:19:01.470111,"Save Vitals",2039,2039,-,0,0.18,81,3614,7449,13422,17706,22856,4802,4387
2025-07-30T13:19:01.470111,"Get Vitals concept reference ranges",1924,1924,-,0,0.17,38,1098,1975,4321,6523,9911,1382,1358
2025-07-30T13:19:01.470111,"Get Specific Visit Details",7860,7860,-,0,0.69,6,247,603,1690,4617,7881,472,649
2025-07-30T13:19:01.470111,"Get Transfer Locations configuration data",1924,1924,-,0,0.17,49,2160,5940,12584,16843,27563,3726,4253
2025-07-30T13:19:01.470111,"Get Transferable locations",1924,1924,-,0,0.17,30,604,939,1798,3197,7313,711,656
2025-07-30T13:19:01.470111,"Search for Drug",3126,3126,-,0,0.27,2,45,199,1015,3211,5758,215,429
2025-07-30T13:19:01.470111,"Save Drug Order",1563,1563,-,0,0.14,37,1387,2896,5956,8727,16946,1946,2080
2025-07-30T13:19:01.470111,"Get Allergies of Patient",2039,2039,-,0,0.18,1,434,1361,3868,5923,11198,1004,1377
2025-07-30T13:19:01.470111,"Get Drug Allergens",2039,2039,-,0,0.18,51,1455,1859,2682,4017,8314,1378,860
2025-07-30T13:19:01.470111,"Get Environment Allergens",2039,2039,-,0,0.18,30,844,1138,1997,3314,4259,867,619
2025-07-30T13:19:01.470111,"Get Food Allergens",2039,2039,-,0,0.18,12,333,603,1417,2734,6892,474,514
2025-07-30T13:19:01.470111,"Get Allergic Reactions Allergens",2039,2039,-,0,0.18,15,415,672,1552,2261,6103,542,530
2025-07-30T13:19:01.470111,"Get all patient lists",9160,9160,-,0,0.8,6,875,1419,2712,4350,8674,1000,895
2025-07-30T13:19:01.470111,"Get the details of a orderType",1596,1596,-,0,0.14,2,74,273,1195,2234,3776,255,438
2025-07-30T13:19:01.470111,"Get all Lab order details",1596,1596,-,0,0.14,13,365,628,1445,3103,6044,493,551
2025-07-30T13:19:01.470111,"Get All Appointment Services(full)",1674,1674,-,0,0.15,2,50,152,1040,1954,5151,196,408
2025-07-30T13:19:01.470111,"Get all appointments for a specific day",1116,1116,-,0,0.1,3,34,62,873,1052,3121,114,256
2025-07-30T13:19:01.470111,"Add a lab order",1596,1596,-,0,0.14,22,913,2069,4607,6794,11363,1411,1574
2025-07-30T13:19:01.470111,"Get all appointment summaries",1116,1116,-,0,0.1,13,308,596,1754,2857,6844,492,643
2025-07-30T13:19:01.470111,"Get All Form Encounters",868,868,-,0,0.08,17,1068,1823,3849,6176,14650,1369,1351
2025-07-30T13:19:01.470111,"Get Person Attribute Type",3311,3311,-,0,0.29,2,73,219,1006,1657,7391,226,408
2025-07-30T13:19:01.470111,"Get Appointment By Status",4464,4464,-,0,0.39,3,44,268,2171,2897,7411,335,731
2025-07-30T13:19:01.470111,"Get Ordered Address Hierarchy Levels",3311,3311,-,0,0.29,1,17,30,434,1218,3500,74,223
2025-07-30T13:19:01.470111,"Get All Forms",868,868,-,0,0.08,8,484,1296,2902,4809,7339,872,1015
2025-07-30T13:19:01.470111,"Get Orders of admitted patient by Activated Date",4441,4441,-,0,0.39,5,157,454,1582,3737,5473,394,597
2025-07-30T13:19:01.470111,"Get all default appointment services",1116,1116,-,0,0.1,2,47,152,962,2060,3654,182,369
2025-07-30T13:19:01.470111,"Get all visits of the given location with date",1116,1116,-,0,0.1,24,7024,12149,19860,29799,38396,7859,6743
2025-07-30T13:19:01.470111,"Get medication request encounters",4689,4689,-,0,0.41,80,11762,26673,48456,62016,82650,16341,16172
2025-07-30T13:19:01.470111,"Get patient age",31085,31085,-,0,2.73,3,148,320,1202,2029,8658,286,412
2025-07-30T13:19:01.470111,"Get patient identification photo",115825,115825,-,0,10.16,4,112,344,1224,2719,8797,302,511
2025-07-30T13:19:01.470111,"Get Person Attributes",1498,1498,-,0,0.13,4,128,279,1105,1761,5545,255,404
2025-07-30T13:19:01.470111,"Get Patient Identifiers",1498,1498,-,0,0.13,4,164,375,1264,2111,4944,324,484
2025-07-30T13:19:01.470111,"Get Relationships of Person",1498,1498,-,0,0.13,4,162,402,1442,2310,3879,335,464
2025-07-30T13:19:01.470111,"Create a patient list",2290,2290,-,0,0.2,10,315,775,2117,3694,8011,594,751
2025-07-30T13:19:01.470111,"Get queue entry number",756,756,-,0,0.07,1,12,23,346,559,1032,46,125
2025-07-30T13:19:01.470111,"Submit visit queue entry",756,756,-,0,0.07,27,546,1427,3918,6523,7839,1044,1333
2025-07-30T13:19:01.470111,"Get All Providers",3684,3684,-,0,0.32,4,186,683,2140,4508,6785,529,808
2025-07-30T13:19:01.470111,"Get Patient Allergy Intolerance",1563,1563,-,0,0.14,1,356,1319,3574,6302,9128,917,1321
2025-07-30T13:19:01.470111,"Get Specific Medication Requests",6252,6252,-,0,0.55,36,1418,3271,7880,12482,21357,2339,2681
2025-07-30T13:19:01.470111,"Save an Allergy",2039,2039,-,0,0.18,14,520,1120,2755,4060,10274,822,944
2025-07-30T13:19:01.470111,"Get Encounter With Visit and Diagnoses",1563,1563,-,0,0.14,9,197,411,1302,2409,4077,354,475
2025-07-30T13:19:01.470111,"Get all active Lab orders",4788,4788,-,0,0.42,5,1921,4865,10390,14548,22513,3086,3467
2025-07-30T13:19:01.470111,"Get Lab Orders by full filler status",14364,14364,-,0,1.26,4,761,4326,28540,34853,50481,5126,8865
2025-07-30T13:19:01.470111,"Get Clinical Form by UUID",868,868,-,0,0.08,7,208,421,1338,2610,4680,367,481
2025-07-30T13:19:01.470111,"Get Encounter Roles",868,868,-,0,0.08,2,54,224,1038,1970,3599,218,382
2025-07-30T13:19:01.470111,"Get Latest FHIR Encounter",868,868,-,0,0.08,11,361,834,2108,4442,6916,637,794
2025-07-30T13:19:01.470111,"Get Encounter By UUID",868,868,-,0,0.08,11,409,896,2063,3607,5450,655,721
2025-07-30T13:19:01.470111,"Get Locations Search Set",962,962,-,0,0.08,5,99,276,1641,2187,5306,297,541
2025-07-30T13:19:01.470111,"Change the session location",962,962,-,0,0.08,4,107,474,1738,3462,5496,383,642
2025-07-30T13:19:01.470111,"Get patient list details",2290,2290,-,0,0.2,5,133,438,1309,2501,6650,358,552
2025-07-30T13:19:01.470111,"Fetch members of patient list",2290,2290,-,0,0.2,3,84,352,1264,2319,5473,302,489
2025-07-30T13:19:01.470111,"Get service concept set",756,756,-,0,0.07,2,46,171,1010,1531,5101,186,400
2025-07-30T13:19:01.470111,"Get Concept",52206,52206,-,0,4.58,6,296,598,1570,4026,7924,475,561
2025-07-30T13:19:01.470111,"Submit new Service queue",756,756,-,0,0.07,10,224,929,2735,5216,10416,679,1029
2025-07-30T13:19:01.470111,"Get Order Entry Config",1563,1563,-,0,0.14,22,731,1232,2686,4011,7471,921,913
2025-07-30T13:19:01.470111,"Get ValueSet by UUID",4689,4689,-,0,0.41,14,402,893,2522,3548,10687,665,837
2025-07-30T13:19:01.470111,"Get Medication Request by UUID",4689,4689,-,0,0.41,31,885,1973,4542,7605,12871,1387,1561
2025-07-30T13:19:01.470111,"Get Medication by UUID",1563,1563,-,0,0.14,2,31,104,755,1600,4809,138,336
2025-07-30T13:19:01.470111,"Search Medication by Code",1563,1563,-,0,0.14,5,73,196,938,2440,5403,219,436
2025-07-30T13:19:01.470111,"Edit patient details",1498,1498,-,0,0.13,24,724,1351,2955,4626,6864,987,966
2025-07-30T13:19:01.470111,"Check Appointment Conflicts",558,558,-,0,0.05,7,180,455,1558,3138,6974,393,606
2025-07-30T13:19:01.470111,"Create Appointment",558,558,-,0,0.05,14,333,617,1656,2843,4520,499,591
2025-07-30T13:19:01.470111,"Get patient admission note",8903,8903,-,0,0.78,5,275,713,1959,3412,7760,544,665
2025-07-30T13:19:01.470111,"Submit transition request",756,756,-,0,0.07,35,594,1195,2868,4628,7819,883,987
2025-07-30T13:19:01.470111,"End Visit",6303,6303,-,0,0.55,28,683,1304,3144,4647,9803,999,1061
2025-07-30T13:19:01.470111,"Generate OMRS Identifier",1813,1813,-,0,0.16,17,527,979,2270,3937,8622,770,782
2025-07-30T13:19:01.470111,"Update full filler status",3192,3192,-,0,0.28,9,241,467,1397,2120,6166,388,497
2025-07-30T13:19:01.470111,"Send Patient Registration Request",1813,1813,-,0,0.16,36,1001,1951,3964,5765,9172,1373,1274
2025-07-30T13:19:01.470111,"Save a clinical form",868,868,-,0,0.08,25,1535,3146,7436,10586,13290,2256,2361
2025-07-30T13:19:01.470111,"Dispense medication form submission",1563,1563,-,0,0.14,44,1546,3869,8154,11824,17219,2523,2765
2025-07-30T13:19:01.470111,"Submit Appointment StatusChange",1116,1116,-,0,0.1,8,272,607,1946,3721,5534,496,691
2025-07-30T13:19:01.470111,"Get Patient Encounters",868,868,-,0,0.08,90,7494,14076,23650,31685,39590,9235,7652
2025-07-30T13:19:01.470111,"Get Lab Results of Patient",1736,1736,-,0,0.15,3,1649,3902,9624,15188,24673,2833,3269
2025-07-30T13:19:01.470111,"Get specific encounter details",1596,1596,-,0,0.14,8,237,559,1541,3001,6704,434,587
2025-07-30T13:19:01.470111,"Get Alkaline concept details",1596,1596,-,0,0.14,3,66,231,1304,1855,5813,239,455
2025-07-30T13:19:01.470111,"Update the specific encounter",1596,1596,-,0,0.14,24,763,1775,4093,6521,12145,1256,1507
2025-07-30T13:19:01.470111,"Update the Lab Order Completion",1596,1596,-,0,0.14,20,692,1615,3681,5707,8853,1120,1286
2025-07-30T13:19:01.470111,"Get Visits With Diagnoses and Notes (new endpoint)",868,868,-,0,0.08,10,524,1163,2640,4061,7737,831,954
2025-07-30T13:19:01.470111,"Close medication",1563,1563,-,0,0.14,19,562,1245,3367,5643,8660,929,1140
2025-07-30T13:19:01.470111,"Discontinue the drug order",1563,1563,-,0,0.14,23,745,1626,4000,6155,9902,1147,1305
2025-07-30T13:19:01.470111,"Get Drug Orders except the cancelled and expired",868,868,-,0,0.08,8,1252,2801,5986,8349,12002,1908,1956
2025-07-30T13:19:01.470111,"Get Drug Orders except the discontinued orders",868,868,-,0,0.08,6,1241,2739,5614,9107,14375,1869,1963
2025-07-30T13:19:01.470111,"Get Observation Tree Details",2604,2604,-,0,0.23,6,1265,5563,16180,22688,36301,3925,5472
2025-07-30T13:19:01.470111,"Search for Condition",1736,1736,-,0,0.15,6,172,504,1631,2973,6117,405,568
2025-07-30T13:19:01.470111,"Save Conditions",868,868,-,0,0.08,9,340,768,2030,3652,7247,591,744
2025-07-30T13:19:01.470111,"Get Immunizations of Patient",2604,2604,-,0,0.23,2,219,1628,6278,10254,22260,1353,2400
2025-07-30T13:19:01.470111,"Get all immunizations",868,868,-,0,0.08,9,264,592,1753,3330,5189,485,637
2025-07-30T13:19:01.470111,"Submit Patient immunization",868,868,-,0,0.08,42,2385,5312,10106,13510,20251,3470,3358
2025-07-30T13:19:01.470111,"Get Attachments of Patient",1736,1736,-,0,0.15,7,355,793,2165,3582,5638,610,728
2025-07-30T13:19:01.470111,"Get Allowed File Extensions",868,868,-,0,0.08,2,52,200,956,2180,4457,212,413
2025-07-30T13:19:01.470111,"Get Programs",1736,1736,-,0,0.15,10,313,613,1620,3049,8220,491,583
2025-07-30T13:19:01.470111,"Add new program to patient",868,868,-,0,0.08,11,469,1121,2802,4857,8802,810,971
2025-07-30T13:19:01.470111,"Complete the program",868,868,-,0,0.08,13,458,1090,2732,5074,7845,803,973
2025-07-30T13:19:01.470111,"Upload Attachment Request",868,864,4,0.46,0.08,130,8989,10443,13165,15043,21799,8139,3687
2025-07-30T13:19:01.470111,"Save Visit Note",868,868,-,0,0.08,19,910,2216,5282,7417,11228,1528,1714
2025-07-30T13:19:01.470111,"Save Patient Diagnosis",1736,1736,-,0,0.15,8,375,905,2257,3327,5654,646,767
2025-08-03T18:59:08.048969573,"Login",363,363,-,0,0.76,6,11,20,39,60,121,17,14
2025-08-03T18:59:08.048969573,"Get locations",419,419,-,0,0.88,31,50,69,131,191,342,63,37
2025-08-03T18:59:08.048969573,"Select Location",363,363,-,0,0.76,3,5,10,18,26,31,7,5
2025-08-03T18:59:08.048969573,"Get Address Template",431,431,-,0,0.9,1,3,6,12,22,35,5,4
2025-08-03T18:59:08.048969573,"Get Relationship Types",431,431,-,0,0.9,3,6,10,18,39,52,8,6
2025-08-03T18:59:08.048969573,"Get Appointments for Specific Date",363,363,-,0,0.76,14,23,35,65,84,100,30,16
2025-08-03T18:59:08.048969573,"Get Module Information",478,478,-,0,1,1,3,6,12,19,25,5,3
2025-08-03T18:59:08.048969573,"Get Patient Identifier Types",431,431,-,0,0.9,4,7,12,25,41,52,10,7
2025-08-03T18:59:08.048969573,"Get Primary Identifier Term Mapping",783,783,-,0,1.64,3,6,11,23,37,61,9,7
2025-08-03T18:59:08.048969573,"Get Identifier Source",794,794,-,0,1.66,4,7,12,27,42,67,11,8
2025-08-03T18:59:08.048969573,"Get Locations by Tag and Query",539,539,-,0,1.13,4,9,15,28,41,57,12,8
2025-08-03T18:59:08.048969573,"Get Visits",382,382,-,0,0.8,9,55,74,130,192,216,65,32
2025-08-03T18:59:08.048969573,"Get Auto Generation Options",431,431,-,0,0.9,8,12,20,43,66,125,18,13
2025-08-03T18:59:08.048969573,"Get Queue Entry",478,478,-,0,1,7,29,40,74,117,165,33,22
2025-08-03T18:59:08.048969573,"Get Visit Types",223,223,-,0,0.47,3,5,9,14,18,39,7,4
2025-08-03T18:59:08.048969573,"Get Current Visit of Patient",386,386,-,0,0.81,101,708,1000,1841,2296,3087,816,465
2025-08-03T18:59:08.048969573,"Get Visits of Patient",407,407,-,0,0.85,55,271,371,594,835,949,305,142
2025-08-03T18:59:08.048969573,"Get Program Enrollments of Patient",267,267,-,0,0.56,5,15,21,36,64,82,17,11
2025-08-03T18:59:08.048969573,"Get Visit Queue Entry",353,353,-,0,0.74,9,16,22,38,53,66,19,9
2025-08-03T18:59:08.048969573,"Get Appointments of a Patient",225,225,-,0,0.47,2,7,13,33,47,78,10,11
2025-08-03T18:59:08.048969573,"Get Patient Summary Data",395,395,-,0,0.83,6,12,19,34,60,97,16,10
2025-08-03T18:59:08.048969573,"Get Active Visits of Patient",1802,1802,-,0,3.77,4,10,15,29,44,82,13,8
2025-08-03T18:59:08.048969573,"Get isVisitsEnabled",255,255,-,0,0.53,2,4,8,19,24,39,7,5
2025-08-03T18:59:08.048969573,"Get the status of patient death",1547,1547,-,0,3.24,4,7,11,21,30,54,9,6
2025-08-03T18:59:08.048969573,"Get all the constraints on the vital concepts",255,255,-,0,0.53,4,8,13,25,31,34,11,6
2025-08-03T18:59:08.048969573,"Get Patient Observations",723,723,-,0,1.51,2,80,144,291,473,719,105,97
2025-08-03T18:59:08.048969573,"Get Patient Conditions",277,277,-,0,0.58,2,64,94,187,265,317,73,54
2025-08-03T18:59:08.048969573,"Get Active Orders",235,235,-,0,0.49,7,12,20,42,81,90,18,13
2025-08-03T18:59:08.048969573,"Get Admission Location Info",70,70,-,0,0.15,7,10,14,34,50,50,13,9
2025-08-03T18:59:08.048969573,"Get Admission Info",70,70,-,0,0.15,29,57,71,127,215,215,66,35
2025-08-03T18:59:08.048969573,"Get Inpatient Request",70,70,-,0,0.15,15,52,87,145,219,219,59,42
2025-08-03T18:59:08.048969573,"Get Patients",86,86,-,0,0.18,15,107,146,238,334,334,116,67
2025-08-03T18:59:08.048969573,"Submit Visit Form",204,204,-,0,0.43,13,21,38,64,102,120,30,17
2025-08-03T18:59:08.048969573,"Get Locations That Support Visits",105,105,-,0,0.22,5,10,16,32,44,45,13,8
2025-08-03T18:59:08.048969573,"Get Beds for Patient",70,70,-,0,0.15,5,9,17,31,34,34,12,8
2025-08-03T18:59:08.048969573,"Save Ward Encounter",175,175,-,0,0.37,15,45,60,117,189,277,50,35
2025-08-03T18:59:08.048969573,"Get Order Types",50,50,-,0,0.1,4,5,12,18,19,19,8,5
2025-08-03T18:59:08.048969573,"Save Vitals",49,49,-,0,0.1,98,136,187,354,583,583,175,90
2025-08-03T18:59:08.048969573,"Get Vitals concept reference ranges",70,70,-,0,0.15,43,78,101,152,271,271,88,40
2025-08-03T18:59:08.048969573,"Get Specific Visit Details",222,222,-,0,0.46,8,14,21,36,55,73,18,10
2025-08-03T18:59:08.048969573,"Get Transfer Locations configuration data",70,70,-,0,0.15,55,95,129,212,301,301,110,53
2025-08-03T18:59:08.048969573,"Get Transferable locations",70,70,-,0,0.15,37,64,105,221,378,378,87,59
2025-08-03T18:59:08.048969573,"Search for Drug",100,100,-,0,0.21,2,4,7,14,21,21,6,4
2025-08-03T18:59:08.048969573,"Save Drug Order",50,50,-,0,0.1,47,69,99,246,307,307,91,53
2025-08-03T18:59:08.048969573,"Get Allergies of Patient",49,49,-,0,0.1,2,4,8,10,11,11,5,3
2025-08-03T18:59:08.048969573,"Get Drug Allergens",49,49,-,0,0.1,57,91,117,174,372,372,109,55
2025-08-03T18:59:08.048969573,"Get Environment Allergens",49,49,-,0,0.1,34,57,80,141,155,155,68,31
2025-08-03T18:59:08.048969573,"Get Food Allergens",49,49,-,0,0.1,15,24,37,58,71,71,30,14
2025-08-03T18:59:08.048969573,"Get Allergic Reactions Allergens",49,49,-,0,0.1,18,30,41,85,89,89,38,19
2025-08-03T18:59:08.048969573,"Get medication request encounters",150,150,-,0,0.31,105,245,336,526,810,819,273,125
2025-08-03T18:59:08.048969573,"Get patient age",382,382,-,0,0.8,3,7,11,20,29,32,9,5
2025-08-03T18:59:08.048969573,"Get all patient lists",168,168,-,0,0.35,8,39,56,105,144,162,42,29
2025-08-03T18:59:08.048969573,"Get All Appointment Services(full)",57,57,-,0,0.12,3,5,9,17,20,20,7,4
2025-08-03T18:59:08.048969573,"Get Person Attribute Type",68,68,-,0,0.14,3,5,6,13,20,20,6,3
2025-08-03T18:59:08.048969573,"Get all appointments for a specific day",38,38,-,0,0.08,4,7,10,18,28,28,9,4
2025-08-03T18:59:08.048969573,"Get all appointment summaries",38,38,-,0,0.08,17,29,36,73,81,81,34,16
2025-08-03T18:59:08.048969573,"Get Ordered Address Hierarchy Levels",68,68,-,0,0.14,1,2,4,7,17,17,3,2
2025-08-03T18:59:08.048969573,"Get Orders of admitted patient by Activated Date",116,116,-,0,0.24,6,10,14,25,42,44,12,6
2025-08-03T18:59:08.048969573,"Get Appointment By Status",152,152,-,0,0.32,4,10,26,58,87,91,19,18
2025-08-03T18:59:08.048969573,"Get all default appointment services",38,38,-,0,0.08,2,5,10,19,20,20,7,4
2025-08-03T18:59:08.048969573,"Get all visits of the given location with date",38,38,-,0,0.08,29,201,246,494,544,544,207,108
2025-08-03T18:59:08.048969573,"Get the details of a orderType",47,47,-,0,0.1,3,5,6,16,16,16,6,3
2025-08-03T18:59:08.048969573,"Get all Lab order details",47,47,-,0,0.1,14,24,31,39,80,80,27,13
2025-08-03T18:59:08.048969573,"Add a lab order",47,47,-,0,0.1,27,39,56,82,97,97,46,17
2025-08-03T18:59:08.048969573,"Get patient identification photo",1362,1362,-,0,2.85,5,9,14,28,37,46,12,7
2025-08-03T18:59:08.048969573,"Get Person Attributes",38,38,-,0,0.08,4,8,11,19,20,20,9,4
2025-08-03T18:59:08.048969573,"Get Patient Identifiers",38,38,-,0,0.08,6,10,17,24,33,33,12,6
2025-08-03T18:59:08.048969573,"Get Relationships of Person",38,38,-,0,0.08,5,9,13,22,22,22,11,5
2025-08-03T18:59:08.048969573,"Get Patient Allergy Intolerance",50,50,-,0,0.1,2,4,6,15,56,56,6,8
2025-08-03T18:59:08.048969573,"Get Specific Medication Requests",200,200,-,0,0.42,43,96,131,224,293,340,108,57
2025-08-03T18:59:08.048969573,"Get Encounter With Visit and Diagnoses",50,50,-,0,0.1,11,19,26,38,55,55,21,10
2025-08-03T18:59:08.048969573,"Get All Providers",119,119,-,0,0.25,4,8,15,29,48,51,12,8
2025-08-03T18:59:08.048969573,"Create a patient list",42,42,-,0,0.09,14,21,29,41,121,121,25,17
2025-08-03T18:59:08.048969573,"Get All Form Encounters",21,21,-,0,0.04,19,41,59,85,94,94,48,20
2025-08-03T18:59:08.048969573,"Get All Forms",21,21,-,0,0.04,11,15,24,55,63,63,23,14
2025-08-03T18:59:08.048969573,"Get queue entry number",32,32,-,0,0.07,1,2,3,10,15,15,3,3
2025-08-03T18:59:08.048969573,"Submit visit queue entry",32,32,-,0,0.07,34,49,67,110,178,178,59,28
2025-08-03T18:59:08.048969573,"Save an Allergy",49,49,-,0,0.1,17,28,40,84,127,127,36,23
2025-08-03T18:59:08.048969573,"Get all active Lab orders",141,141,-,0,0.29,7,33,45,85,118,122,38,21
2025-08-03T18:59:08.048969573,"Get Lab Orders by full filler status",423,423,-,0,0.88,5,19,111,372,648,835,93,140
2025-08-03T18:59:08.048969573,"Get Locations Search Set",35,35,-,0,0.07,6,10,12,20,23,23,11,4
2025-08-03T18:59:08.048969573,"Change the session location",35,35,-,0,0.07,5,7,10,23,23,23,9,4
2025-08-03T18:59:08.048969573,"Get patient list details",42,42,-,0,0.09,8,10,14,25,33,33,12,6
2025-08-03T18:59:08.048969573,"Fetch members of patient list",42,42,-,0,0.09,5,7,7,14,19,19,7,3
2025-08-03T18:59:08.048969573,"Get Order Entry Config",50,50,-,0,0.1,24,38,57,92,159,159,47,25
2025-08-03T18:59:08.048969573,"Get ValueSet by UUID",150,150,-,0,0.31,17,29,36,91,118,128,36,21
2025-08-03T18:59:08.048969573,"Get Medication Request by UUID",150,150,-,0,0.31,35,55,68,134,168,220,65,32
2025-08-03T18:59:08.048969573,"Get Medication by UUID",50,50,-,0,0.1,3,4,7,20,33,33,7,6
2025-08-03T18:59:08.048969573,"Search Medication by Code",50,50,-,0,0.1,7,10,13,27,33,33,12,6
2025-08-03T18:59:08.048969573,"Get service concept set",32,32,-,0,0.07,3,4,8,14,14,14,6,3
2025-08-03T18:59:08.048969573,"Get Concept",1168,1168,-,0,2.44,6,16,23,46,98,271,20,16
2025-08-03T18:59:08.048969573,"Submit new Service queue",32,32,-,0,0.07,13,18,34,55,62,62,25,13
2025-08-03T18:59:08.048969573,"Edit patient details",38,38,-,0,0.08,33,78,107,176,177,177,87,39
2025-08-03T18:59:08.048969573,"Get Clinical Form by UUID",21,21,-,0,0.04,8,12,21,34,51,51,18,10
2025-08-03T18:59:08.048969573,"Get Encounter Roles",21,21,-,0,0.04,3,4,6,11,25,25,6,5
2025-08-03T18:59:08.048969573,"Get Latest FHIR Encounter",21,21,-,0,0.04,13,19,24,38,48,48,22,9
2025-08-03T18:59:08.048969573,"Get Encounter By UUID",21,21,-,0,0.04,14,24,32,45,61,61,27,11
2025-08-03T18:59:08.048969573,"Check Appointment Conflicts",19,19,-,0,0.04,10,17,28,49,49,49,21,12
2025-08-03T18:59:08.048969573,"Create Appointment",19,19,-,0,0.04,17,39,52,118,118,118,44,26
2025-08-03T18:59:08.048969573,"Get patient admission note",59,59,-,0,0.12,6,10,17,44,66,66,15,11
2025-08-03T18:59:08.048969573,"Submit transition request",32,32,-,0,0.07,43,70,83,141,208,208,77,33
2025-08-03T18:59:08.048969573,"End Visit",204,204,-,0,0.43,33,70,100,160,190,213,80,36
2025-08-03T18:59:08.048969573,"Generate OMRS Identifier",30,30,-,0,0.06,22,29,46,61,86,86,36,14
2025-08-03T18:59:08.048969573,"Send Patient Registration Request",30,30,-,0,0.06,55,89,107,209,237,237,96,43
2025-08-03T18:59:08.048969573,"Update full filler status",94,94,-,0,0.2,12,18,25,45,92,92,23,13
2025-08-03T18:59:08.048969573,"Dispense medication form submission",50,50,-,0,0.1,54,86,129,189,219,219,103,44
2025-08-03T18:59:08.048969573,"Save a clinical form",21,21,-,0,0.04,31,47,89,110,116,116,61,28
2025-08-03T18:59:08.048969573,"Submit Appointment StatusChange",38,38,-,0,0.08,12,19,33,53,86,86,25,15
2025-08-03T18:59:08.048969573,"Get specific encounter details",47,47,-,0,0.1,10,15,22,46,77,77,20,13
2025-08-03T18:59:08.048969573,"Get Alkaline concept details",47,47,-,0,0.1,4,6,12,17,34,34,8,6
2025-08-03T18:59:08.048969573,"Update the specific encounter",47,47,-,0,0.1,29,43,70,115,178,178,58,32
2025-08-03T18:59:08.048969573,"Update the Lab Order Completion",47,47,-,0,0.1,24,36,57,112,153,153,49,29
2025-08-03T18:59:08.048969573,"Get Patient Encounters",21,21,-,0,0.04,148,241,346,416,816,816,297,139
2025-08-03T18:59:08.048969573,"Get Lab Results of Patient",42,42,-,0,0.09,18,70,100,205,240,240,83,57
2025-08-03T18:59:08.048969573,"Close medication",50,50,-,0,0.1,21,31,45,65,96,96,37,15
2025-08-03T18:59:08.048969573,"Discontinue the drug order",50,50,-,0,0.1,28,43,57,103,166,166,51,26
2025-08-03T18:59:08.048969573,"Get Visits With Diagnoses and Notes (new endpoint)",21,21,-,0,0.04,42,96,141,233,361,361,113,72
2025-08-03T18:59:08.048969573,"Get Drug Orders except the cancelled and expired",21,21,-,0,0.04,8,13,19,28,36,36,16,7
2025-08-03T18:59:08.048969573,"Get Drug Orders except the discontinued orders",21,21,-,0,0.04,8,11,18,21,37,37,14,6
2025-08-03T18:59:08.048969573,"Get Observation Tree Details",63,63,-,0,0.13,6,53,109,227,438,438,80,81
2025-08-03T18:59:08.048969573,"Search for Condition",42,42,-,0,0.09,8,14,23,36,82,82,19,14
2025-08-03T18:59:08.048969573,"Save Conditions",21,21,-,0,0.04,12,15,31,42,43,43,21,10
2025-08-03T18:59:08.048969573,"Get Immunizations of Patient",63,63,-,0,0.13,2,4,5,14,24,24,6,4
2025-08-03T18:59:08.048969573,"Get all immunizations",21,21,-,0,0.04,9,13,17,34,43,43,17,9
2025-08-03T18:59:08.048969573,"Submit Patient immunization",21,21,-,0,0.04,44,64,109,158,182,182,88,40
2025-08-03T18:59:08.048969573,"Get Attachments of Patient",42,42,-,0,0.09,9,11,18,50,63,63,17,13
2025-08-03T18:59:08.048969573,"Get Allowed File Extensions",21,21,-,0,0.04,2,3,5,8,8,8,4,2
2025-08-03T18:59:08.048969573,"Get Programs",42,42,-,0,0.09,11,17,25,51,55,55,22,11
2025-08-03T18:59:08.048969573,"Add new program to patient",21,21,-,0,0.04,12,17,24,44,54,54,21,11
2025-08-03T18:59:08.048969573,"Complete the program",21,21,-,0,0.04,14,21,28,38,42,42,23,8
2025-08-03T18:59:08.048969573,"Upload Attachment Request",21,21,-,0,0.04,502,699,883,1531,1551,1551,786,310
2025-08-03T18:59:08.048969573,"Save Visit Note",21,21,-,0,0.04,21,29,35,84,86,86,37,20
2025-08-03T18:59:08.048969573,"Save Patient Diagnosis",42,42,-,0,0.09,8,16,24,41,53,53,19,11
2025-08-04T17:00:19.433307213,"Login",103,103,-,0,0.54,6,17,31,58,111,113,23,20
2025-08-04T17:00:19.433307213,"Get locations",120,120,-,0,0.62,33,60,111,217,302,308,85,60
2025-08-04T17:00:19.433307213,"Select Location",103,103,-,0,0.54,3,6,11,25,34,34,9,7
2025-08-04T17:00:19.433307213,"Get Address Template",121,121,-,0,0.63,2,3,8,18,33,43,6,7
2025-08-04T17:00:19.433307213,"Get Relationship Types",121,121,-,0,0.63,3,6,11,28,45,47,10,9
2025-08-04T17:00:19.433307213,"Get Appointments for Specific Date",103,103,-,0,0.54,13,25,43,70,86,88,34,20
2025-08-04T17:00:19.433307213,"Get Module Information",136,136,-,0,0.71,2,3,8,19,23,24,6,5
2025-08-04T17:00:19.433307213,"Get Patient Identifier Types",121,121,-,0,0.63,4,7,15,30,33,35,12,8
2025-08-04T17:00:19.433307213,"Get Primary Identifier Term Mapping",225,225,-,0,1.17,3,6,12,30,47,50,10,9
2025-08-04T17:00:19.433307213,"Get Identifier Source",224,224,-,0,1.17,4,8,16,32,44,57,12,9
2025-08-04T17:00:19.433307213,"Get Locations by Tag and Query",154,154,-,0,0.8,4,10,17,39,59,149,15,15
2025-08-04T17:00:19.433307213,"Get Visits",108,108,-,0,0.56,8,54,82,201,240,263,70,51
2025-08-04T17:00:19.433307213,"Get Auto Generation Options",121,121,-,0,0.63,7,12,32,51,66,70,21,15
2025-08-04T17:00:19.433307213,"Get Queue Entry",132,132,-,0,0.69,7,25,39,113,154,163,37,34
2025-08-04T17:00:19.433307213,"Get Visit Types",66,66,-,0,0.34,3,4,7,14,20,20,6,4
2025-08-04T17:00:19.433307213,"Get Current Visit of Patient",122,122,-,0,0.64,180,750,1116,1918,2787,2983,888,547
2025-08-04T17:00:19.433307213,"Get Visits of Patient",129,129,-,0,0.67,81,262,347,649,815,874,299,152
2025-08-04T17:00:19.433307213,"Get Program Enrollments of Patient",82,82,-,0,0.43,5,12,21,33,82,82,15,11
2025-08-04T17:00:19.433307213,"Get Visit Queue Entry",108,108,-,0,0.56,9,15,26,47,65,66,21,13
2025-08-04T17:00:19.433307213,"Get Appointments of a Patient",68,68,-,0,0.35,2,8,12,28,75,75,11,11
2025-08-04T17:00:19.433307213,"Get Patient Summary Data",116,116,-,0,0.6,7,12,23,39,56,58,18,11
2025-08-04T17:00:19.433307213,"Get Active Visits of Patient",252,252,-,0,1.31,4,13,22,42,68,108,17,14
2025-08-04T17:00:19.433307213,"Get isVisitsEnabled",74,74,-,0,0.39,3,5,10,17,24,24,7,4
2025-08-04T17:00:19.433307213,"Get the status of patient death",169,169,-,0,0.88,4,7,11,24,44,45,10,7
2025-08-04T17:00:19.433307213,"Get all the constraints on the vital concepts",74,74,-,0,0.39,4,8,14,27,37,37,11,7
2025-08-04T17:00:19.433307213,"Get Patient Observations",210,210,-,0,1.09,2,84,152,343,543,650,114,112
2025-08-04T17:00:19.433307213,"Get Patient Conditions",84,84,-,0,0.44,2,54,90,189,273,273,71,56
2025-08-04T17:00:19.433307213,"Get Active Orders",70,70,-,0,0.36,8,13,20,45,59,59,18,12
2025-08-04T17:00:19.433307213,"Get Admission Location Info",20,20,-,0,0.1,6,10,23,40,40,40,15,10
2025-08-04T17:00:19.433307213,"Get Admission Info",20,20,-,0,0.1,36,57,95,153,153,153,70,35
2025-08-04T17:00:19.433307213,"Get Inpatient Request",20,20,-,0,0.1,15,61,85,110,110,110,58,30
2025-08-04T17:00:19.433307213,"Get Patients",23,23,-,0,0.12,15,41,81,129,172,172,59,39
2025-08-04T17:00:19.433307213,"Submit Visit Form",61,61,-,0,0.32,13,22,40,78,85,85,31,19
2025-08-04T17:00:19.433307213,"Get Locations That Support Visits",28,28,-,0,0.15,6,8,11,32,34,34,11,7
2025-08-04T17:00:19.433307213,"Get Beds for Patient",20,20,-,0,0.1,4,7,18,42,42,42,12,9
2025-08-04T17:00:19.433307213,"Save Ward Encounter",50,50,-,0,0.26,15,42,68,167,271,271,55,50
2025-08-04T17:00:19.433307213,"Get Order Types",16,16,-,0,0.08,3,5,10,19,19,19,7,4
2025-08-04T17:00:19.433307213,"Save Vitals",14,14,-,0,0.07,100,137,163,202,202,202,140,29
2025-08-04T17:00:19.433307213,"Get Vitals concept reference ranges",20,20,-,0,0.1,46,69,97,201,201,201,86,42
2025-08-04T17:00:19.433307213,"Get Specific Visit Details",70,70,-,0,0.36,8,13,22,45,70,70,18,12
2025-08-04T17:00:19.433307213,"Get Transfer Locations configuration data",20,20,-,0,0.1,62,104,151,288,288,288,121,63
2025-08-04T17:00:19.433307213,"Get Transferable locations",20,20,-,0,0.1,37,79,161,340,340,340,120,87
2025-08-04T17:00:19.433307213,"Search for Drug",32,32,-,0,0.17,3,4,8,21,27,27,7,6
2025-08-04T17:00:19.433307213,"Save Drug Order",16,16,-,0,0.08,46,79,145,240,240,240,97,59
2025-08-04T17:00:19.433307213,"Get Allergies of Patient",14,14,-,0,0.07,2,4,6,8,8,8,4,2
2025-08-04T17:00:19.433307213,"Get Drug Allergens",14,14,-,0,0.07,59,89,105,232,232,232,109,57
2025-08-04T17:00:19.433307213,"Get Environment Allergens",14,14,-,0,0.07,36,53,55,238,238,238,79,62
2025-08-04T17:00:19.433307213,"Get Food Allergens",14,14,-,0,0.07,15,23,29,117,117,117,34,28
2025-08-04T17:00:19.433307213,"Get Allergic Reactions Allergens",14,14,-,0,0.07,20,29,43,112,112,112,38,25
2025-08-04T17:00:19.433307213,"Get medication request encounters",48,48,-,0,0.25,78,206,254,596,843,843,237,144
2025-08-04T17:00:19.433307213,"Get patient age",109,109,-,0,0.57,4,6,9,20,22,28,8,5
2025-08-04T17:00:19.433307213,"Get the details of a orderType",15,15,-,0,0.08,3,4,5,5,5,5,4,1
2025-08-04T17:00:19.433307213,"Get all Lab order details",15,15,-,0,0.08,14,19,25,31,31,31,21,5
2025-08-04T17:00:19.433307213,"Add a lab order",15,15,-,0,0.08,26,32,37,57,57,57,35,8
2025-08-04T17:00:19.433307213,"Get all patient lists",40,40,-,0,0.21,9,23,29,36,37,37,22,9
2025-08-04T17:00:19.433307213,"Get Person Attribute Type",18,18,-,0,0.09,3,4,6,13,13,13,5,3
2025-08-04T17:00:19.433307213,"Get All Appointment Services(full)",15,15,-,0,0.08,3,5,11,17,17,17,7,5
2025-08-04T17:00:19.433307213,"Get Ordered Address Hierarchy Levels",18,18,-,0,0.09,1,2,2,9,9,9,3,2
2025-08-04T17:00:19.433307213,"Get all appointments for a specific day",10,10,-,0,0.05,4,7,10,14,14,14,8,3
2025-08-04T17:00:19.433307213,"Get all appointment summaries",10,10,-,0,0.05,17,27,34,52,52,52,29,10
2025-08-04T17:00:19.433307213,"Get Appointment By Status",40,40,-,0,0.21,4,9,23,54,61,61,16,14
2025-08-04T17:00:19.433307213,"Get Orders of admitted patient by Activated Date",30,30,-,0,0.16,5,12,19,39,45,45,15,10
2025-08-04T17:00:19.433307213,"Get all default appointment services",10,10,-,0,0.05,3,7,9,15,15,15,7,3
2025-08-04T17:00:19.433307213,"Get all visits of the given location with date",10,10,-,0,0.05,25,96,104,164,164,164,90,38
2025-08-04T17:00:19.433307213,"Get All Form Encounters",7,7,-,0,0.04,23,44,60,76,76,76,45,18
2025-08-04T17:00:19.433307213,"Get All Forms",7,7,-,0,0.04,10,13,31,39,39,39,19,10
2025-08-04T17:00:19.433307213,"Get patient identification photo",115,115,-,0,0.6,5,8,12,30,40,48,12,8
2025-08-04T17:00:19.433307213,"Get Person Attributes",10,10,-,0,0.05,5,6,6,18,18,18,7,4
2025-08-04T17:00:19.433307213,"Get Patient Identifiers",10,10,-,0,0.05,6,8,8,19,19,19,9,4
2025-08-04T17:00:19.433307213,"Get Relationships of Person",10,10,-,0,0.05,5,7,10,31,31,31,10,7
2025-08-04T17:00:19.433307213,"Get Patient Allergy Intolerance",16,16,-,0,0.08,2,3,6,10,10,10,4,2
2025-08-04T17:00:19.433307213,"Get Specific Medication Requests",64,64,-,0,0.33,45,81,108,183,293,293,95,51
2025-08-04T17:00:19.433307213,"Get Encounter With Visit and Diagnoses",16,16,-,0,0.08,11,15,23,38,38,38,19,9
2025-08-04T17:00:19.433307213,"Get All Providers",37,37,-,0,0.19,4,6,14,51,52,52,12,11
2025-08-04T17:00:19.433307213,"Create a patient list",10,10,-,0,0.05,13,28,43,65,65,65,31,16
2025-08-04T17:00:19.433307213,"Get queue entry number",8,8,-,0,0.04,1,2,5,21,21,21,5,6
2025-08-04T17:00:19.433307213,"Submit visit queue entry",8,8,-,0,0.04,33,53,127,206,206,206,74,57
2025-08-04T17:00:19.433307213,"Save an Allergy",14,14,-,0,0.07,18,28,50,78,78,78,35,19
2025-08-04T17:00:19.433307213,"Get all active Lab orders",45,45,-,0,0.23,6,30,37,104,123,123,36,25
2025-08-04T17:00:19.433307213,"Get Lab Orders by full filler status",135,135,-,0,0.7,4,18,57,116,178,181,36,39
2025-08-04T17:00:19.433307213,"Get Locations Search Set",10,10,-,0,0.05,6,10,12,29,29,29,11,6
2025-08-04T17:00:19.433307213,"Change the session location",10,10,-,0,0.05,4,7,9,21,21,21,9,4
2025-08-04T17:00:19.433307213,"Get Order Entry Config",16,16,-,0,0.08,26,45,67,170,170,170,58,42
2025-08-04T17:00:19.433307213,"Get ValueSet by UUID",48,48,-,0,0.25,17,30,37,82,125,125,37,21
2025-08-04T17:00:19.433307213,"Get Medication Request by UUID",48,48,-,0,0.25,36,50,66,150,239,239,62,37
2025-08-04T17:00:19.433307213,"Get patient list details",10,10,-,0,0.05,8,11,15,31,31,31,14,8
2025-08-04T17:00:19.433307213,"Get Medication by UUID",16,16,-,0,0.08,3,4,9,22,22,22,7,5
2025-08-04T17:00:19.433307213,"Fetch members of patient list",10,10,-,0,0.05,5,7,12,13,13,13,9,3
2025-08-04T17:00:19.433307213,"Search Medication by Code",16,16,-,0,0.08,7,9,12,21,21,21,11,4
2025-08-04T17:00:19.433307213,"Get service concept set",8,8,-,0,0.04,4,4,8,20,20,20,7,5
2025-08-04T17:00:19.433307213,"Get Concept",316,316,-,0,1.65,6,16,29,69,113,133,24,20
2025-08-04T17:00:19.433307213,"Submit new Service queue",8,8,-,0,0.04,13,20,37,101,101,101,30,28
2025-08-04T17:00:19.433307213,"Get Clinical Form by UUID",7,7,-,0,0.04,12,32,60,64,64,64,39,20
2025-08-04T17:00:19.433307213,"Get Encounter Roles",7,7,-,0,0.04,5,11,14,25,25,25,12,6
2025-08-04T17:00:19.433307213,"Get Latest FHIR Encounter",7,7,-,0,0.04,21,41,55,93,93,93,47,21
2025-08-04T17:00:19.433307213,"Get Encounter By UUID",7,7,-,0,0.04,23,46,51,68,68,68,44,14
2025-08-04T17:00:19.433307213,"Edit patient details",10,10,-,0,0.05,38,63,78,263,263,263,79,63
2025-08-04T17:00:19.433307213,"Check Appointment Conflicts",5,5,-,0,0.03,8,15,17,63,63,63,23,20
2025-08-04T17:00:19.433307213,"Create Appointment",5,5,-,0,0.03,18,28,30,128,128,128,46,41
2025-08-04T17:00:19.433307213,"Get patient admission note",16,16,-,0,0.08,5,10,16,38,38,38,13,10
2025-08-04T17:00:19.433307213,"Submit transition request",8,8,-,0,0.04,41,85,156,170,170,170,85,49
2025-08-04T17:00:19.433307213,"End Visit",61,61,-,0,0.32,32,55,92,158,258,258,73,43
2025-08-04T17:00:19.433307213,"Update full filler status",30,30,-,0,0.16,11,17,24,56,67,67,22,14
2025-08-04T17:00:19.433307213,"Generate OMRS Identifier",8,8,-,0,0.04,23,73,99,105,105,105,57,33
2025-08-04T17:00:19.433307213,"Send Patient Registration Request",8,8,-,0,0.04,57,122,180,181,181,181,109,47
2025-08-04T17:00:19.433307213,"Dispense medication form submission",16,16,-,0,0.08,52,75,108,229,229,229,89,45
2025-08-04T17:00:19.433307213,"Save a clinical form",7,7,-,0,0.04,34,43,78,214,214,214,71,60
2025-08-04T17:00:19.433307213,"Submit Appointment StatusChange",10,10,-,0,0.05,11,17,19,33,33,33,19,6
2025-08-04T17:00:19.433307213,"Get specific encounter details",15,15,-,0,0.08,9,14,16,43,43,43,17,9
2025-08-04T17:00:19.433307213,"Get Alkaline concept details",15,15,-,0,0.08,4,5,7,23,23,23,7,5
2025-08-04T17:00:19.433307213,"Update the specific encounter",15,15,-,0,0.08,28,44,52,138,138,138,54,33
2025-08-04T17:00:19.433307213,"Update the Lab Order Completion",15,15,-,0,0.08,22,35,43,124,124,124,45,25
2025-08-04T17:00:19.433307213,"Get Patient Encounters",7,7,-,0,0.04,229,287,575,911,911,911,408,231
2025-08-04T17:00:19.433307213,"Get Lab Results of Patient",14,14,-,0,0.07,28,67,97,316,316,316,85,73
2025-08-04T17:00:19.433307213,"Close medication",16,16,-,0,0.08,20,27,29,127,127,127,34,25
2025-08-04T17:00:19.433307213,"Discontinue the drug order",16,16,-,0,0.08,26,32,53,93,93,93,42,19
2025-08-04T17:00:19.433307213,"Get Visits With Diagnoses and Notes (new endpoint)",7,7,-,0,0.04,54,64,79,171,171,171,80,38
2025-08-04T17:00:19.433307213,"Get Drug Orders except the cancelled and expired",7,7,-,0,0.04,8,12,33,38,38,38,19,11
2025-08-04T17:00:19.433307213,"Get Drug Orders except the discontinued orders",7,7,-,0,0.04,8,11,37,50,50,50,21,15
2025-08-04T17:00:19.433307213,"Get Observation Tree Details",21,21,-,0,0.11,8,47,116,285,341,341,83,86
2025-08-04T17:00:19.433307213,"Search for Condition",14,14,-,0,0.07,10,23,30,105,105,105,28,23
2025-08-04T17:00:19.433307213,"Save Conditions",7,7,-,0,0.04,12,16,27,46,46,46,21,11
2025-08-04T17:00:19.433307213,"Get Immunizations of Patient",21,21,-,0,0.11,2,4,5,11,16,16,5,3
2025-08-04T17:00:19.433307213,"Get all immunizations",7,7,-,0,0.04,10,18,23,24,24,24,17,5
2025-08-04T17:00:19.433307213,"Submit Patient immunization",7,7,-,0,0.04,46,51,66,79,79,79,56,11
2025-08-04T17:00:19.433307213,"Get Attachments of Patient",14,14,-,0,0.07,8,11,14,20,20,20,12,3
2025-08-04T17:00:19.433307213,"Get Allowed File Extensions",7,7,-,0,0.04,3,3,4,6,6,6,4,1
2025-08-04T17:00:19.433307213,"Get Programs",14,14,-,0,0.07,12,18,19,46,46,46,20,9
2025-08-04T17:00:19.433307213,"Add new program to patient",7,7,-,0,0.04,12,14,22,49,49,49,20,12
2025-08-04T17:00:19.433307213,"Complete the program",7,7,-,0,0.04,15,16,20,56,56,56,22,14
2025-08-04T17:00:19.433307213,"Upload Attachment Request",7,7,-,0,0.04,544,582,713,1063,1063,1063,662,172
2025-08-04T17:00:19.433307213,"Save Visit Note",7,7,-,0,0.04,21,25,26,35,35,35,25,4
2025-08-04T17:00:19.433307213,"Save Patient Diagnosis",14,14,-,0,0.07,9,11,12,23,23,23,12,4
